Age,Attrition,BusinessTravel,DailyRate,Department,DistanceFromHome,Education,EducationField,EmployeeCount,EmployeeNumber,EnvironmentSatisfaction,Gender,HourlyRate,JobInvolvement,JobLevel,JobRole,JobSatisfaction,MaritalStatus,MonthlyIncome,MonthlyRate,NumCompaniesWorked,Over18,OverTime,PercentSalaryHike,PerformanceRating,RelationshipSatisfaction,StandardHours,StockOptionLevel,TotalWorkingYears,TrainingTimesLastYear,WorkLifeBalance,YearsAtCompany,YearsInCurrentRole,YearsSinceLastPromotion,YearsWithCurrManager
48,No,Travel_Rarely,170,Sales,1,3,Medical,1,1879,1,Female,64,2,1,Research Scientist,1,Married,1875,21905,0,Y,No,13,3,3,80,1,21,1,3,7,1,14,0
33,No,Travel_Rarely,234,Research & Development,8,4,Life Sciences,1,839,3,Female,98,3,2,Manufacturing Director,3,Divorced,2488,23191,4,Y,No,12,3,3,80,0,19,3,4,33,2,0,4
21,Yes,Travel_Rarely,128,Sales,6,3,Human Resources,1,688,3,Male,36,3,5,Sales Executive,4,Single,2649,25604,0,Y,Yes,12,4,3,80,2,7,2,3,3,4,2,1
40,No,Travel_Rarely,1120,Sales,28,3,Other,1,917,2,Male,59,3,1,Laboratory Technician,4,Divorced,1710,4185,1,Y,No,11,4,3,80,0,4,1,4,3,2,3,7
34,No,Travel_Rarely,270,Sales,1,3,Life Sciences,1,195,2,Male,77,3,1,Laboratory Technician,2,Married,3816,14509,1,Y,No,19,3,3,80,1,4,2,3,15,0,1,5
34,No,Travel_Rarely,445,Research & Development,22,2,Life Sciences,1,2008,4,Male,95,3,1,Laboratory Technician,4,Single,18953,5268,1,Y,No,14,3,3,80,1,13,2,3,3,6,5,1
49,No,Non-Travel,697,Research & Development,5,3,Other,1,1424,4,Male,73,3,1,Research Director,2,Married,1652,10199,1,Y,Yes,11,3,1,80,3,19,2,3,3,5,1,2
31,No,Travel_Rarely,1205,Research & Development,1,3,Medical,1,1353,4,Male,69,4,1,Research Scientist,3,Single,3639,11510,2,Y,No,22,3,2,80,0,24,3,3,8,7,2,4
42,No,Non-Travel,922,Human Resources,11,3,Life Sciences,1,497,4,Male,83,3,1,Research Scientist,2,Divorced,3529,2959,2,Y,No,22,3,3,80,1,12,0,3,3,2,4,0
24,No,Travel_Rarely,982,Research & Development,3,3,Life Sciences,1,1800,2,Male,83,4,4,Research Scientist,3,Single,6073,20830,7,Y,Yes,19,3,3,80,2,20,3,3,7,9,0,4
43,Yes,Non-Travel,1349,Research & Development,6,3,Medical,1,1631,4,Female,92,2,1,Sales Executive,1,Married,2370,14476,1,Y,Yes,13,3,4,80,0,11,4,4,2,3,1,0
50,No,Travel_Frequently,747,Research & Development,7,4,Medical,1,705,1,Male,96,3,4,Manager,2,Single,1746,8242,3,Y,No,22,3,3,80,0,8,6,3,12,4,0,2
57,No,Travel_Rarely,336,Research & Development,11,1,Medical,1,434,3,Male,100,2,2,Sales Representative,4,Single,18186,18580,1,Y,No,21,3,2,80,0,22,2,3,1,8,1,6
36,Yes,Travel_Rarely,329,Sales,29,4,Technical Degree,1,1543,2,Female,57,3,2,Sales Executive,4,Married,8786,9400,2,Y,Yes,15,3,4,80,0,12,6,3,5,10,2,2
22,No,Non-Travel,1253,Sales,5,3,Technical Degree,1,284,2,Female,40,4,2,Manufacturing Director,3,Divorced,2491,18536,7,Y,No,22,3,3,80,0,15,3,1,22,2,1,5
45,No,Travel_Rarely,754,Sales,10,3,Other,1,1668,4,Female,83,1,2,Manufacturing Director,1,Single,4917,12157,1,Y,No,21,3,2,80,0,39,1,2,10,0,13,3
28,No,Travel_Rarely,1346,Sales,1,4,Marketing,1,2008,3,Male,63,1,5,Research Scientist,1,Divorced,2240,25403,6,Y,No,17,3,1,80,0,32,3,4,3,2,2,9
31,No,Travel_Rarely,1413,Research & Development,1,3,Medical,1,944,2,Male,50,2,2,Laboratory Technician,2,Married,17361,17272,3,Y,Yes,14,3,4,80,1,6,2,2,6,5,2,7
29,No,Travel_Rarely,458,Sales,5,2,Life Sciences,1,157,1,Female,66,2,2,Sales Executive,4,Married,4290,8240,0,Y,No,13,4,3,80,0,1,4,3,10,2,4,2
41,No,Non-Travel,1100,Research & Development,3,2,Life Sciences,1,1122,4,Female,52,3,1,Human Resources,2,Married,19619,12409,2,Y,No,24,4,1,80,1,4,6,3,5,9,2,4
42,No,Travel_Rarely,1115,Research & Development,20,1,Life Sciences,1,1105,4,Male,100,3,2,Manufacturing Director,2,Married,18100,19412,1,Y,No,13,3,4,80,3,3,3,1,7,1,8,1
28,No,Non-Travel,1317,Research & Development,9,2,Medical,1,961,4,Male,67,3,5,Laboratory Technician,1,Single,2947,26999,4,Y,No,12,3,3,80,2,7,0,4,5,3,3,5
37,No,Travel_Rarely,1257,Sales,10,1,Life Sciences,1,2025,4,Female,67,3,3,Sales Executive,2,Single,5473,2094,1,Y,No,12,3,2,80,0,8,3,2,5,0,3,0
56,No,Travel_Rarely,1164,Research & Development,23,4,Medical,1,479,1,Male,88,3,5,Manufacturing Director,4,Single,9199,4902,0,Y,No,25,4,3,80,3,37,3,4,12,4,0,9
38,No,Travel_Rarely,616,Research & Development,3,5,Other,1,608,3,Male,87,2,3,Sales Representative,4,Single,19235,5481,6,Y,Yes,11,3,1,80,0,7,4,3,30,1,7,7
55,No,Non-Travel,647,Research & Development,16,3,Technical Degree,1,173,1,Female,49,3,2,Research Scientist,1,Single,17992,14539,0,Y,No,16,3,3,80,0,2,1,3,4,16,1,3
41,No,Travel_Frequently,182,Sales,28,4,Other,1,432,1,Female,56,3,1,Sales Executive,3,Divorced,3643,17524,3,Y,No,13,3,3,80,0,20,2,3,7,10,0,8
31,Yes,Travel_Rarely,1125,Research & Development,15,4,Life Sciences,1,940,1,Female,65,3,1,Healthcare Representative,1,Married,5393,23026,4,Y,Yes,13,3,4,80,3,9,5,4,8,2,1,2
38,No,Travel_Frequently,665,Research & Development,1,1,Life Sciences,1,562,4,Male,90,2,1,Research Scientist,4,Divorced,3313,22959,1,Y,No,20,3,1,80,1,10,3,4,15,3,0,3
29,No,Travel_Rarely,1407,Research & Development,9,4,Marketing,1,1042,1,Female,99,3,4,Sales Executive,2,Divorced,5579,9831,2,Y,No,25,3,2,80,1,21,4,3,5,0,0,6
36,No,Travel_Rarely,1312,Research & Development,11,1,Other,1,1638,4,Female,38,3,2,Laboratory Technician,4,Divorced,9797,8680,0,Y,Yes,18,3,4,80,2,26,4,3,1,3,1,2
18,Yes,Travel_Rarely,438,Research & Development,1,2,Medical,1,1593,1,Male,83,3,5,Research Director,4,Single,6277,24855,1,Y,Yes,21,3,3,80,0,4,2,3,3,0,2,0
23,No,Travel_Rarely,1390,Research & Development,4,3,Medical,1,1234,2,Female,95,3,1,Sales Executive,2,Married,7025,12364,5,Y,No,18,3,4,80,2,19,5,3,2,9,1,4
21,No,Travel_Rarely,911,Sales,1,1,Life Sciences,1,248,4,Male,33,3,3,Laboratory Technician,4,Single,3100,14132,3,Y,No,25,4,4,80,1,12,2,3,6,4,1,0
58,No,Travel_Rarely,1191,Sales,15,3,Medical,1,1599,4,Male,37,2,1,Healthcare Representative,3,Married,4032,21071,0,Y,No,12,3,4,80,1,27,4,3,3,0,6,2
51,No,Non-Travel,637,Human Resources,7,2,Marketing,1,964,1,Female,54,2,1,Laboratory Technician,2,Single,3251,26910,3,Y,No,11,3,4,80,1,6,4,2,2,8,0,3
54,No,Travel_Rarely,772,Research & Development,3,4,Other,1,75,4,Male,49,4,1,Sales Executive,1,Divorced,2499,8495,5,Y,Yes,11,3,2,80,1,23,3,3,4,0,0,2
48,No,Travel_Rarely,884,Research & Development,6,3,Other,1,929,1,Female,38,3,1,Manager,2,Divorced,3768,22916,7,Y,No,11,3,3,80,0,12,3,3,0,7,1,3
40,Yes,Travel_Rarely,690,Research & Development,21,2,Technical Degree,1,1841,2,Male,75,3,2,Healthcare Representative,3,Single,2279,21468,1,Y,Yes,11,3,4,80,1,3,2,3,0,7,1,10
40,No,Travel_Rarely,450,Research & Development,1,3,Medical,1,596,2,Female,50,3,1,Research Scientist,4,Single,5625,10966,4,Y,No,12,3,1,80,1,30,2,3,11,14,0,7
43,No,Travel_Rarely,944,Sales,13,4,Medical,1,1199,2,Male,94,3,2,Research Director,4,Divorced,2075,6044,3,Y,No,17,4,4,80,1,0,3,3,14,0,0,2
33,No,Travel_Rarely,1414,Sales,19,3,Life Sciences,1,2068,4,Male,70,4,2,Manager,3,Divorced,7935,4865,1,Y,No,13,3,2,80,1,19,3,4,25,1,2,1
34,Yes,Travel_Rarely,581,Sales,2,3,Life Sciences,1,840,1,Male,68,3,3,Sales Executive,3,Divorced,3496,13368,0,Y,Yes,16,3,1,80,0,14,1,3,3,1,10,1
31,No,Travel_Rarely,770,Research & Development,9,3,Medical,1,1088,4,Male,88,3,2,Manufacturing Director,4,Single,1262,21899,1,Y,No,20,3,2,80,1,8,3,2,9,1,4,0
48,No,Travel_Rarely,1457,Research & Development,16,2,Life Sciences,1,188,2,Female,98,3,3,Sales Executive,4,Single,19999,6548,8,Y,Yes,17,3,4,80,0,10,0,2,9,1,8,1
52,No,Travel_Frequently,917,Sales,19,1,Medical,1,1874,4,Male,72,3,2,Sales Executive,2,Married,2356,9139,1,Y,No,19,3,1,80,3,13,2,3,19,3,8,0
25,No,Travel_Rarely,820,Research & Development,6,3,Medical,1,2013,4,Male,58,3,1,Healthcare Representative,4,Married,4427,5198,2,Y,Yes,20,3,1,80,2,3,2,3,8,0,5,1
38,Yes,Travel_Rarely,1329,Sales,9,5,Other,1,1809,3,Male,42,2,2,Research Scientist,4,Single,3561,18459,1,Y,Yes,12,3,3,80,0,21,3,3,6,1,0,6
42,No,Travel_Rarely,1386,Research & Development,19,2,Life Sciences,1,195,2,Male,68,3,1,Healthcare Representative,4,Single,1519,22357,0,Y,No,12,3,3,80,0,17,2,3,19,9,0,2
26,No,Travel_Rarely,645,Research & Development,4,2,Life Sciences,1,828,3,Female,41,3,1,Manufacturing Director,2,Married,13682,6067,7,Y,No,14,3,4,80,0,35,3,4,25,6,1,8
38,No,Non-Travel,308,Research & Development,14,1,Life Sciences,1,442,2,Male,89,3,1,Research Director,4,Single,17771,13976,2,Y,No,12,3,3,80,1,13,3,3,0,9,1,0
32,No,Non-Travel,268,Research & Development,1,3,Other,1,746,4,Male,46,2,2,Sales Executive,2,Divorced,2417,13387,9,Y,No,21,4,4,80,0,7,2,3,4,2,8,0
44,No,Travel_Rarely,1212,Research & Development,2,4,Medical,1,442,3,Male,85,3,5,Research Scientist,1,Single,9415,2094,3,Y,Yes,25,4,3,80,0,11,3,4,21,0,10,7
31,Yes,Travel_Rarely,1332,Research & Development,29,2,Life Sciences,1,275,1,Female,74,2,3,Sales Executive,4,Single,1612,4316,2,Y,Yes,11,3,1,80,3,15,4,2,8,2,0,2
33,No,Travel_Rarely,1397,Sales,3,3,Medical,1,1461,2,Male,55,2,5,Sales Executive,1,Single,17931,14819,3,Y,No,15,3,2,80,1,22,4,2,6,0,8,5
20,No,Travel_Rarely,108,Research & Development,3,3,Life Sciences,1,1700,4,Female,71,3,1,Human Resources,4,Married,3158,17125,1,Y,No,22,3,3,80,2,1,2,3,9,4,0,0
28,No,Travel_Frequently,1158,Research & Development,1,3,Medical,1,147,1,Male,71,3,2,Manufacturing Director,4,Married,19093,17753,5,Y,No,12,3,2,80,0,10,3,3,3,2,1,7
44,No,Travel_Rarely,983,Research & Development,15,3,Medical,1,1708,1,Male,42,3,2,Healthcare Representative,3,Single,6532,16301,1,Y,No,14,3,2,80,0,10,2,3,8,8,0,10
58,No,Travel_Rarely,893,Sales,8,4,Medical,1,1859,4,Female,42,2,1,Laboratory Technician,2,Married,5180,3811,0,Y,No,15,3,3,80,1,9,4,3,24,11,7,8
34,No,Travel_Frequently,893,Research & Development,2,3,Life Sciences,1,374,2,Female,48,3,2,Sales Executive,3,Married,5765,2984,2,Y,No,18,3,4,80,2,8,5,2,5,3,0,2
51,No,Travel_Frequently,471,Sales,4,2,Life Sciences,1,1480,2,Male,61,2,1,Sales Executive,3,Married,19026,11758,1,Y,No,13,4,4,80,0,10,2,3,11,15,0,0
27,No,Non-Travel,544,Research & Development,3,4,Marketing,1,1171,4,Female,71,2,1,Research Scientist,4,Divorced,7653,23555,8,Y,Yes,16,3,1,80,0,0,2,3,6,1,4,6
56,Yes,Travel_Rarely,690,Research & Development,24,4,Other,1,208,4,Male,30,3,2,Manufacturing Director,2,Single,1009,21550,3,Y,Yes,14,3,3,80,0,3,3,3,3,1,2,3
39,No,Travel_Rarely,615,Research & Development,1,3,Life Sciences,1,743,3,Male,42,3,2,Sales Executive,1,Single,7268,12878,3,Y,No,14,3,2,80,1,5,1,3,10,0,0,1
33,No,Travel_Rarely,627,Research & Development,1,4,Other,1,9,4,Male,68,3,1,Sales Executive,4,Married,4226,8893,3,Y,No,13,3,1,80,1,17,3,3,4,0,1,3
44,No,Travel_Rarely,610,Sales,27,1,Medical,1,285,4,Male,33,2,4,Research Scientist,2,Single,2424,5593,5,Y,No,21,3,2,80,0,11,3,3,4,0,2,8
28,No,Travel_Rarely,658,Sales,1,5,Other,1,721,1,Female,82,3,1,Manufacturing Director,1,Single,5010,21199,3,Y,No,21,3,2,80,1,9,2,3,8,5,5,1
30,No,Travel_Rarely,1344,Research & Development,18,3,Medical,1,1985,3,Male,77,4,2,Human Resources,3,Married,1218,5182,4,Y,No,12,4,4,80,2,33,3,2,8,5,5,2
26,No,Travel_Frequently,732,Research & Development,3,4,Technical Degree,1,1248,3,Male,55,2,3,Human Resources,4,Single,6204,6354,9,Y,No,20,3,3,80,1,11,0,3,1,2,0,1
25,No,Travel_Frequently,1341,Research & Development,23,1,Medical,1,1104,3,Male,95,3,1,Human Resources,3,Single,7393,11743,6,Y,No,14,3,2,80,2,9,3,3,7,0,1,4
21,No,Non-Travel,323,Human Resources,20,4,Marketing,1,1102,4,Male,30,3,2,Manager,4,Single,1440,24347,4,Y,No,19,4,3,80,1,10,3,4,6,4,0,8
30,No,Travel_Rarely,1440,Sales,3,1,Medical,1,860,3,Female,96,3,2,Healthcare Representative,4,Married,16961,18291,0,Y,No,16,3,3,80,1,7,2,3,5,6,1,6
29,No,Travel_Rarely,348,Sales,27,3,Life Sciences,1,947,4,Female,51,3,2,Laboratory Technician,3,Divorced,1009,11608,1,Y,No,12,3,4,80,0,3,5,3,7,7,7,0
22,No,Travel_Rarely,174,Sales,23,4,Human Resources,1,347,3,Male,79,1,1,Sales Executive,4,Married,2821,23766,0,Y,No,16,3,4,80,0,16,4,2,3,3,11,3
38,No,Non-Travel,559,Sales,8,3,Medical,1,1980,3,Female,31,3,5,Research Scientist,3,Divorced,3429,10531,4,Y,No,12,3,3,80,2,12,4,3,6,1,2,2
29,No,Travel_Rarely,1036,Sales,1,3,Technical Degree,1,1140,4,Male,50,3,2,Research Scientist,3,Married,6662,2607,4,Y,No,11,3,2,80,0,7,0,3,3,9,11,11
56,No,Travel_Frequently,134,Research & Development,15,4,Marketing,1,658,4,Male,80,3,3,Sales Executive,1,Married,2200,26569,2,Y,No,23,3,4,80,1,10,3,2,8,10,1,0
32,No,Travel_Rarely,570,Research & Development,2,4,Medical,1,1,3,Male,88,2,2,Healthcare Representative,2,Divorced,4928,13024,1,Y,No,12,3,4,80,1,10,1,3,10,2,0,0
27,No,Travel_Rarely,338,Research & Development,1,2,Marketing,1,244,4,Female,90,4,1,Healthcare Representative,4,Married,3558,21023,5,Y,No,13,3,4,80,1,22,2,3,23,10,0,2
49,No,Travel_Rarely,183,Sales,10,3,Life Sciences,1,1,4,Male,54,3,1,Sales Executive,4,Married,2015,11488,3,Y,No,14,3,2,80,1,9,2,4,6,2,1,2
43,No,Travel_Rarely,841,Sales,16,3,Life Sciences,1,440,2,Female,47,2,1,Healthcare Representative,3,Married,12692,19583,1,Y,No,12,4,4,80,2,14,2,3,9,11,0,2
36,No,Travel_Rarely,1150,Research & Development,9,4,Medical,1,1531,4,Female,62,4,1,Sales Representative,4,Married,2825,19791,8,Y,Yes,22,3,2,80,1,8,3,3,6,1,1,12
19,Yes,Travel_Rarely,508,Sales,1,3,Life Sciences,1,1369,4,Male,95,4,2,Healthcare Representative,2,Married,1501,23857,0,Y,Yes,11,4,4,80,1,1,3,2,2,2,0,3
40,No,Travel_Frequently,889,Sales,10,4,Medical,1,1466,4,Male,96,2,1,Laboratory Technician,1,Married,9074,6131,1,Y,No,12,3,2,80,3,9,2,1,9,7,0,2
33,No,Travel_Rarely,1255,Research & Development,10,2,Medical,1,62,1,Male,100,3,1,Research Scientist,4,Married,4380,5425,2,Y,No,13,3,3,80,1,24,3,3,10,4,4,2
50,No,Travel_Rarely,148,Research & Development,8,3,Life Sciences,1,626,4,Male,59,3,2,Research Director,4,Divorced,3455,20089,1,Y,Yes,18,3,4,80,0,22,3,3,3,1,0,8
33,No,Travel_Frequently,1183,Human Resources,4,3,Medical,1,1077,3,Female,58,3,1,Manufacturing Director,1,Divorced,15561,11905,0,Y,No,13,3,3,80,0,2,2,3,1,2,0,4
42,Yes,Travel_Frequently,232,Sales,1,3,Life Sciences,1,1067,2,Male,75,1,1,Research Scientist,1,Divorced,2733,2094,1,Y,Yes,12,3,1,80,0,14,2,2,6,10,4,2
50,No,Travel_Rarely,488,Research & Development,5,1,Life Sciences,1,672,3,Female,43,2,2,Sales Executive,4,Single,16168,2523,7,Y,Yes,14,4,2,80,0,18,2,3,3,7,13,7
30,No,Travel_Rarely,122,Human Resources,1,4,Medical,1,731,4,Male,69,3,3,Sales Executive,4,Married,7814,17554,2,Y,No,16,3,3,80,1,0,2,3,5,0,0,2
44,No,Travel_Rarely,554,Research & Development,2,3,Life Sciences,1,1859,4,Male,58,4,3,Sales Executive,3,Married,14748,6426,1,Y,No,13,3,4,80,2,5,4,3,11,1,0,4
54,Yes,Travel_Rarely,1288,Sales,3,1,Medical,1,1736,1,Male,74,3,1,Sales Executive,1,Married,1923,2925,7,Y,Yes,14,4,2,80,0,3,2,3,0,2,1,5
35,No,Travel_Rarely,1288,Research & Development,12,3,Life Sciences,1,1313,4,Male,34,3,3,Manager,3,Single,6151,3409,0,Y,No,13,3,2,80,1,10,5,2,5,0,15,4
33,No,Travel_Rarely,1293,Research & Development,22,3,Medical,1,82,1,Male,39,2,1,Research Scientist,1,Divorced,6209,21980,5,Y,No,11,3,1,80,0,8,2,3,12,1,0,7
33,No,Travel_Rarely,920,Research & Development,3,3,Life Sciences,1,260,3,Male,49,3,2,Research Scientist,4,Divorced,4359,3829,4,Y,No,12,3,1,80,3,9,2,4,3,4,1,1
56,No,Travel_Rarely,1339,Research & Development,1,3,Life Sciences,1,593,4,Female,93,2,4,Laboratory Technician,1,Married,3755,9055,6,Y,No,17,3,3,80,1,7,2,4,1,9,0,4
55,No,Travel_Rarely,784,Sales,8,4,Medical,1,238,4,Female,43,2,4,Sales Representative,4,Married,4991,5899,1,Y,No,12,3,2,80,1,12,2,4,36,2,0,7
48,No,Travel_Frequently,505,Research & Development,10,2,Life Sciences,1,1878,4,Female,71,3,2,Laboratory Technician,3,Married,7536,10818,2,Y,No,15,4,4,80,1,8,2,2,9,1,0,3
28,No,Travel_Rarely,216,Research & Development,4,2,Life Sciences,1,985,3,Male,80,3,2,Sales Executive,1,Married,19999,20991,1,Y,No,14,3,2,80,0,12,4,3,1,0,5,8
35,No,Travel_Rarely,541,Research & Development,21,2,Life Sciences,1,1533,4,Male,54,4,2,Manufacturing Director,3,Married,1134,6624,7,Y,No,11,3,4,80,1,8,2,3,5,7,0,10
26,No,Travel_Rarely,702,Sales,8,2,Life Sciences,1,972,3,Male,51,2,2,Research Scientist,2,Married,2707,26999,1,Y,No,21,4,4,80,2,11,3,3,8,11,0,0
37,No,Travel_Frequently,869,Sales,3,3,Marketing,1,835,2,Male,91,3,4,Sales Representative,4,Single,7107,12024,6,Y,No,17,3,4,80,1,11,3,3,6,4,1,0
50,No,Travel_Rarely,1263,Research & Development,22,4,Life Sciences,1,1764,4,Female,76,3,2,Sales Representative,4,Single,11361,12398,8,Y,No,12,3,1,80,0,7,2,2,0,4,1,3
27,Yes,Travel_Rarely,977,Research & Development,3,3,Marketing,1,406,1,Male,71,3,3,Laboratory Technician,1,Married,6939,14581,3,Y,Yes,24,3,1,80,1,20,2,3,7,0,6,7
21,No,Travel_Frequently,1045,Sales,4,1,Medical,1,1218,4,Female,73,2,1,Manufacturing Director,2,Divorced,3719,9917,9,Y,No,11,3,3,80,2,9,3,3,21,1,2,6
35,No,Travel_Frequently,255,Research & Development,10,4,Medical,1,2055,4,Female,68,3,1,Research Scientist,4,Married,11713,10883,4,Y,No,23,3,4,80,0,9,2,3,13,0,1,13
49,Yes,Travel_Rarely,842,Sales,7,3,Medical,1,324,2,Male,92,3,1,Manufacturing Director,3,Married,2219,8138,4,Y,Yes,18,4,2,80,0,13,2,2,6,3,0,4
36,No,Travel_Rarely,344,Research & Development,2,3,Other,1,1527,3,Male,66,2,2,Research Scientist,4,Married,1889,18853,3,Y,No,12,3,2,80,1,8,2,4,11,7,1,0
48,No,Non-Travel,1195,Research & Development,21,3,Medical,1,1362,4,Male,95,3,1,Research Director,4,Single,3473,5261,1,Y,No,19,3,3,80,0,20,3,3,2,3,0,2
37,No,Travel_Rarely,268,Research & Development,9,3,Other,1,10,3,Female,62,2,2,Human Resources,3,Married,4583,23311,1,Y,No,24,3,4,80,0,6,3,4,14,8,3,0
26,No,Travel_Rarely,1052,Research & Development,1,4,Medical,1,651,3,Male,54,3,2,Manufacturing Director,3,Married,5520,8983,0,Y,No,15,3,3,80,0,20,2,3,16,1,2,2
25,No,Non-Travel,265,Research & Development,8,5,Medical,1,264,1,Male,100,2,1,Manufacturing Director,4,Married,3750,2594,8,Y,No,13,3,4,80,2,9,5,3,5,2,2,9
33,Yes,Non-Travel,957,Research & Development,13,4,Life Sciences,1,572,4,Female,91,3,3,Research Scientist,2,Single,3589,15432,0,Y,Yes,12,4,4,80,1,22,3,3,2,3,5,0
51,Yes,Travel_Rarely,688,Research & Development,29,3,Medical,1,2068,3,Male,59,3,1,Healthcare Representative,3,Married,7519,7288,4,Y,Yes,12,3,3,80,0,7,2,2,6,12,1,9
27,No,Travel_Frequently,876,Research & Development,2,4,Life Sciences,1,1346,3,Female,34,2,2,Research Scientist,2,Single,2817,6556,1,Y,No,11,3,3,80,0,5,2,1,5,6,0,2
34,Yes,Travel_Rarely,1221,Sales,1,3,Life Sciences,1,1106,2,Female,57,3,2,Research Scientist,4,Divorced,4376,11953,4,Y,Yes,12,3,2,80,0,9,4,3,1,12,14,0
43,No,Non-Travel,1437,Research & Development,22,2,Life Sciences,1,933,2,Male,50,3,1,Laboratory Technician,2,Single,8461,10469,4,Y,No,19,4,3,80,3,7,2,2,2,0,0,8
28,No,Travel_Rarely,931,Sales,1,2,Life Sciences,1,965,1,Male,38,4,2,Sales Executive,3,Married,11356,26967,1,Y,No,14,3,3,80,1,12,6,3,6,9,0,2
28,No,Travel_Rarely,601,Human Resources,3,4,Life Sciences,1,1973,2,Male,80,3,2,Manufacturing Director,3,Single,16779,2829,0,Y,Yes,12,3,4,80,1,1,2,3,5,2,2,8
50,No,Travel_Frequently,494,Research & Development,20,3,Life Sciences,1,251,3,Female,80,2,2,Laboratory Technician,3,Married,3876,20059,2,Y,No,14,3,4,80,2,7,0,4,13,12,1,9
27,Yes,Travel_Rarely,479,Research & Development,9,3,Technical Degree,1,769,2,Female,37,3,2,Healthcare Representative,1,Married,3258,4169,2,Y,Yes,15,3,4,80,1,8,0,2,9,2,0,7
29,No,Travel_Rarely,771,Sales,14,1,Life Sciences,1,454,3,Male,30,3,3,Healthcare Representative,3,Single,13784,5267,6,Y,Yes,17,3,4,80,1,16,3,4,2,11,0,2
50,Yes,Non-Travel,1321,Research & Development,23,3,Technical Degree,1,1094,4,Female,91,2,4,Research Scientist,2,Single,3393,23733,1,Y,Yes,14,3,2,80,1,27,0,2,7,2,0,8
52,No,Travel_Frequently,1287,Sales,3,3,Marketing,1,1288,3,Male,54,3,3,Manager,4,Married,3033,21757,2,Y,Yes,18,3,1,80,0,17,1,2,5,3,0,0
52,No,Travel_Rarely,1434,Human Resources,3,3,Life Sciences,1,101,3,Female,45,3,1,Sales Executive,3,Single,16863,22943,1,Y,No,14,3,2,80,1,22,1,2,13,3,2,5
51,No,Travel_Rarely,839,Sales,2,3,Medical,1,1956,1,Male,54,3,2,Research Scientist,4,Divorced,7518,18227,0,Y,No,17,4,2,80,0,14,2,2,0,2,5,3
57,No,Travel_Rarely,699,Human Resources,6,2,Marketing,1,1335,3,Male,88,3,2,Laboratory Technician,4,Married,3904,9470,1,Y,Yes,16,3,2,80,2,9,3,3,8,9,0,2
28,No,Travel_Frequently,824,Research & Development,4,3,Life Sciences,1,733,4,Male,59,3,3,Research Scientist,4,Married,2014,4886,0,Y,Yes,15,3,3,80,1,12,3,2,4,7,2,1
37,No,Non-Travel,1031,Research & Development,5,4,Medical,1,654,1,Male,35,3,1,Research Scientist,4,Single,16742,15668,5,Y,Yes,11,3,4,80,0,21,2,1,5,8,1,2
44,No,Travel_Rarely,832,Research & Development,16,3,Life Sciences,1,1654,4,Male,100,3,1,Healthcare Representative,2,Divorced,18056,26999,1,Y,No,17,3,1,80,0,10,2,3,8,9,6,3
27,No,Non-Travel,404,Sales,1,4,Medical,1,1340,3,Male,49,2,2,Research Scientist,1,Married,6728,7224,2,Y,No,25,3,3,80,3,22,2,3,11,2,3,14
38,No,Travel_Frequently,362,Research & Development,2,2,Life Sciences,1,1003,3,Female,88,2,2,Research Scientist,1,Single,3889,24401,5,Y,No,17,3,2,80,1,4,6,2,2,11,5,3
40,No,Travel_Rarely,1434,Research & Development,1,2,Medical,1,230,4,Male,71,3,4,Research Scientist,2,Single,5191,6337,1,Y,No,14,3,2,80,1,27,2,3,7,3,1,1
34,No,Travel_Rarely,806,Sales,18,4,Medical,1,1812,2,Female,71,2,1,Research Scientist,4,Divorced,5261,12212,1,Y,No,14,3,2,80,3,7,2,3,3,6,7,3
52,No,Travel_Rarely,595,Research & Development,13,3,Medical,1,1679,3,Male,49,3,1,Manufacturing Director,1,Single,3226,17468,9,Y,No,25,3,1,80,0,24,3,2,13,3,0,1
51,No,Travel_Frequently,857,Research & Development,1,4,Medical,1,731,3,Male,82,3,1,Sales Executive,4,Divorced,3054,19942,1,Y,No,12,3,3,80,2,4,5,3,4,0,7,0
26,No,Travel_Rarely,384,Research & Development,1,4,Life Sciences,1,1781,4,Female,85,3,2,Laboratory Technician,3,Single,13435,17361,1,Y,No,13,4,3,80,0,2,0,2,12,9,0,3
35,No,Non-Travel,123,Research & Development,5,3,Life Sciences,1,1381,2,Female,100,3,2,Healthcare Representative,2,Single,7553,5837,1,Y,No,22,4,3,80,3,7,3,1,10,7,0,3
36,Yes,Non-Travel,591,Research & Development,10,1,Technical Degree,1,1872,3,Male,43,3,2,Manufacturing Director,1,Married,2663,9048,0,Y,Yes,14,3,3,80,0,17,2,3,13,2,0,0
54,No,Travel_Frequently,230,Sales,7,4,Life Sciences,1,1775,4,Female,69,3,1,Research Director,2,Divorced,8694,17473,0,Y,Yes,15,3,1,80,0,10,3,4,6,1,6,0
23,No,Non-Travel,373,Research & Development,28,2,Human Resources,1,1356,1,Male,51,3,2,Sales Executive,2,Single,2126,4597,0,Y,No,17,3,2,80,0,11,2,3,20,2,1,3
47,Yes,Travel_Rarely,287,Research & Development,27,4,Human Resources,1,1373,3,Male,57,3,1,Research Scientist,1,Single,11892,26634,1,Y,Yes,11,3,3,80,1,10,2,3,1,4,1,7
43,No,Travel_Frequently,852,Research & Development,2,3,Other,1,1373,3,Male,43,2,1,Sales Representative,3,Single,3094,19169,3,Y,No,17,3,4,80,0,5,3,3,16,4,0,9
34,No,Travel_Rarely,204,Research & Development,10,3,Life Sciences,1,1232,3,Female,59,2,1,Research Scientist,4,Married,2521,26077,7,Y,No,25,3,2,80,0,34,6,3,1,6,0,1
51,No,Travel_Frequently,1337,Research & Development,13,2,Marketing,1,1880,4,Female,35,3,2,Laboratory Technician,3,Married,4528,15316,8,Y,No,13,3,3,80,3,17,2,2,20,3,0,12
55,No,Travel_Rarely,1490,Research & Development,9,2,Life Sciences,1,190,4,Male,72,3,3,Laboratory Technician,3,Single,9830,6934,0,Y,No,14,3,4,80,0,16,2,2,0,5,0,3
24,No,Non-Travel,860,Sales,21,1,Medical,1,766,4,Male,58,3,4,Research Scientist,4,Single,2134,22631,0,Y,No,21,3,3,80,1,34,3,3,7,0,1,8
50,No,Travel_Rarely,1267,Research & Development,6,3,Life Sciences,1,501,4,Male,36,2,3,Sales Executive,3,Married,8755,18641,7,Y,No,22,4,3,80,1,1,2,2,0,7,2,1
52,No,Travel_Rarely,599,Sales,2,4,Life Sciences,1,908,1,Male,43,2,3,Sales Executive,4,Married,7507,4461,0,Y,No,15,3,1,80,0,5,4,2,22,13,2,2
29,Yes,Travel_Rarely,715,Sales,18,3,Marketing,1,865,3,Male,86,3,4,Research Director,3,Single,2122,14223,5,Y,Yes,18,3,4,80,2,6,3,3,8,0,1,7
40,Yes,Travel_Rarely,119,Research & Development,1,3,Medical,1,1106,1,Male,89,2,2,Human Resources,4,Single,3636,3942,3,Y,Yes,13,3,3,80,0,8,3,3,1,9,0,3
53,No,Travel_Rarely,1468,Sales,15,5,Medical,1,647,3,Male,33,2,3,Laboratory Technician,3,Divorced,3400,4478,1,Y,No,14,3,2,80,1,20,3,2,10,1,1,5
27,No,Travel_Rarely,1324,Research & Development,4,1,Marketing,1,1305,4,Male,85,3,1,Sales Executive,4,Single,10232,10466,1,Y,No,11,3,2,80,1,11,4,3,5,0,1,4
47,No,Travel_Rarely,631,Research & Development,13,3,Technical Degree,1,1814,1,Female,60,3,3,Research Scientist,3,Single,7137,14746,4,Y,No,13,4,2,80,2,0,5,3,6,2,2,4
29,No,Travel_Frequently,1165,Research & Development,5,1,Life Sciences,1,1579,3,Male,69,1,1,Manager,4,Married,17103,19295,0,Y,No,12,3,2,80,1,9,2,2,19,1,0,8
38,No,Travel_Rarely,1122,Research & Development,21,3,Medical,1,323,4,Female,77,2,3,Laboratory Technician,3,Divorced,3642,14869,0,Y,Yes,11,3,4,80,1,19,2,3,20,0,0,3
38,No,Travel_Rarely,1416,Research & Development,15,1,Medical,1,877,2,Female,46,2,2,Manager,2,Married,5752,26015,5,Y,No,11,3,3,80,1,11,2,3,6,9,10,5
33,No,Travel_Rarely,986,Research & Development,10,3,Medical,1,390,4,Male,88,4,2,Human Resources,3,Married,6256,16664,2,Y,No,13,3,1,80,2,13,3,3,10,2,2,2
40,No,Travel_Rarely,444,Research & Development,16,4,Medical,1,580,3,Male,80,2,1,Laboratory Technician,1,Married,3200,7349,7,Y,No,12,3,3,80,0,14,2,3,3,10,0,13
29,No,Travel_Rarely,878,Research & Development,16,2,Medical,1,330,4,Male,63,2,2,Research Scientist,4,Single,1009,5906,1,Y,No,14,3,3,80,0,9,1,2,4,0,4,11
40,No,Travel_Rarely,636,Human Resources,26,2,Medical,1,1244,4,Male,75,3,5,Healthcare Representative,1,Married,13516,20533,1,Y,Yes,13,3,3,80,3,7,6,2,0,2,0,4
34,No,Non-Travel,951,Research & Development,5,4,Medical,1,1127,4,Male,36,4,2,Healthcare Representative,4,Single,5317,15551,4,Y,No,19,3,3,80,0,7,2,3,6,3,0,7
54,No,Travel_Frequently,971,Research & Development,2,1,Life Sciences,1,1170,3,Male,35,2,4,Sales Executive,3,Married,3302,22293,2,Y,No,14,3,2,80,1,19,5,3,4,8,7,2
31,No,Travel_Rarely,1499,Research & Development,3,3,Life Sciences,1,237,4,Male,74,3,1,Sales Executive,1,Married,12036,4357,0,Y,No,14,4,1,80,3,13,3,3,3,0,0,3
32,No,Non-Travel,372,Research & Development,7,3,Technical Degree,1,942,1,Male,90,4,2,Research Director,4,Married,4737,7804,6,Y,Yes,16,4,4,80,2,11,3,3,5,9,0,10
40,No,Travel_Frequently,535,Sales,6,2,Life Sciences,1,725,4,Female,60,3,1,Research Scientist,2,Single,5631,11868,1,Y,No,12,4,4,80,0,14,4,3,8,3,1,3
45,No,Travel_Rarely,1483,Research & Development,1,3,Medical,1,1049,2,Male,53,2,1,Human Resources,4,Married,3294,7783,3,Y,No,14,3,2,80,0,5,2,4,0,8,6,0
30,No,Travel_Rarely,319,Research & Development,23,2,Technical Degree,1,1728,3,Male,86,3,2,Research Scientist,3,Married,4932,24026,4,Y,No,12,3,3,80,0,7,6,3,26,9,5,1
55,No,Travel_Rarely,1217,Sales,8,4,Medical,1,336,1,Male,55,3,3,Manager,1,Divorced,2643,2094,1,Y,No,15,4,4,80,0,6,3,3,6,1,7,0
55,No,Travel_Rarely,1249,Research & Development,2,3,Medical,1,471,3,Female,68,3,2,Research Director,1,Single,4338,25165,0,Y,No,16,3,2,80,2,2,5,2,6,2,4,10
47,No,Travel_Rarely,613,Research & Development,27,4,Medical,1,773,4,Male,89,3,2,Sales Executive,1,Single,4359,10217,2,Y,No,14,4,1,80,0,1,2,3,11,7,2,4
53,No,Travel_Rarely,102,Research & Development,1,3,Medical,1,1594,4,Male,56,3,2,Manager,4,Married,3155,10274,1,Y,No,12,4,4,80,1,3,1,3,13,1,2,4
25,No,Travel_Rarely,435,Sales,25,2,Medical,1,157,4,Male,67,3,1,Research Scientist,4,Married,5250,8843,0,Y,No,14,3,4,80,1,17,3,3,4,2,7,6
26,No,Travel_Frequently,307,Research & Development,18,2,Technical Degree,1,1535,2,Female,92,2,2,Laboratory Technician,3,Married,6918,19066,3,Y,No,14,3,1,80,1,1,3,3,9,4,0,8
41,No,Travel_Frequently,1444,Research & Development,1,3,Medical,1,779,2,Female,84,3,3,Research Scientist,3,Single,16513,20262,2,Y,No,11,4,2,80,0,14,4,2,30,0,9,12
30,No,Travel_Frequently,270,Sales,9,3,Marketing,1,1589,4,Male,49,3,4,Sales Executive,4,Single,4676,10117,1,Y,No,11,3,1,80,1,12,6,3,0,3,1,0
43,Yes,Travel_Rarely,926,Research & Development,4,2,Medical,1,1120,1,Female,36,3,5,Manager,3,Single,1405,24270,6,Y,Yes,12,3,2,80,3,27,1,3,2,8,0,6
52,No,Travel_Rarely,964,Sales,1,3,Marketing,1,1385,4,Male,67,3,4,Sales Executive,3,Single,2947,13600,0,Y,Yes,13,3,3,80,1,2,3,4,1,2,2,1
20,No,Non-Travel,930,Research & Development,13,3,Other,1,112,1,Male,57,4,2,Human Resources,2,Single,6589,2094,1,Y,No,14,4,3,80,1,11,1,3,4,8,0,7
35,Yes,Travel_Frequently,1057,Sales,3,3,Life Sciences,1,409,1,Female,73,3,3,Laboratory Technician,3,Single,5735,3248,2,Y,Yes,12,3,1,80,0,13,5,3,10,9,0,3
31,No,Travel_Rarely,303,Research & Development,2,4,Medical,1,1687,4,Male,92,3,2,Sales Executive,2,Divorced,3883,4230,1,Y,No,19,4,3,80,2,2,2,3,0,0,2,0
32,No,Travel_Rarely,510,Research & Development,4,3,Life Sciences,1,1406,3,Male,94,3,1,Manufacturing Director,4,Married,15599,8946,0,Y,No,18,3,3,80,1,10,4,3,4,1,7,8
51,No,Travel_Rarely,724,Human Resources,18,3,Technical Degree,1,1774,3,Male,76,3,2,Laboratory Technician,4,Single,4434,13130,4,Y,No,12,3,2,80,1,26,2,3,4,2,6,8
38,No,Travel_Rarely,655,Research & Development,10,3,Technical Degree,1,1,4,Male,43,3,2,Laboratory Technician,1,Divorced,2020,17973,0,Y,No,21,3,1,80,0,23,4,3,11,8,1,3
52,No,Travel_Rarely,997,Sales,27,3,Medical,1,375,3,Male,95,3,4,Manufacturing Director,2,Divorced,5938,8555,0,Y,No,23,3,4,80,0,3,1,3,0,4,4,3
25,No,Travel_Rarely,790,Research & Development,5,4,Life Sciences,1,1883,2,Male,81,2,2,Sales Executive,2,Single,8298,16437,1,Y,No,14,3,4,80,0,6,2,2,2,4,0,7
31,No,Travel_Rarely,142,Research & Development,21,2,Other,1,1187,3,Female,40,3,2,Research Scientist,1,Married,3858,6780,1,Y,No,11,3,4,80,1,14,2,1,7,2,3,3
24,No,Travel_Rarely,1041,Research & Development,19,3,Marketing,1,822,4,Male,85,3,1,Research Director,2,Married,6456,26670,0,Y,No,12,3,2,80,1,8,3,2,2,2,0,1
20,No,Travel_Rarely,563,Research & Development,7,3,Marketing,1,746,2,Male,89,3,2,Sales Executive,3,Married,2985,5383,4,Y,No,13,3,3,80,0,12,3,2,9,9,1,1
52,No,Travel_Frequently,650,Research & Development,2,2,Medical,1,1274,2,Male,43,3,2,Research Scientist,1,Divorced,4107,6656,1,Y,Yes,14,4,4,80,1,14,3,3,12,0,0,4
38,Yes,Travel_Rarely,1250,Research & Development,10,2,Medical,1,302,1,Male,36,2,2,Research Scientist,4,Divorced,5492,13823,9,Y,Yes,16,3,1,80,1,9,2,4,8,1,0,5
27,No,Travel_Rarely,989,Sales,5,3,Life Sciences,1,1174,1,Male,65,3,1,Sales Representative,4,Married,3978,9087,0,Y,Yes,19,3,3,80,2,37,3,3,1,0,2,9
41,No,Travel_Rarely,998,Research & Development,12,4,Life Sciences,1,976,2,Female,88,3,1,Healthcare Representative,4,Divorced,10434,13010,1,Y,No,12,3,1,80,2,6,5,3,6,7,6,4
27,No,Travel_Frequently,352,Research & Development,4,1,Technical Degree,1,1146,1,Female,32,3,2,Laboratory Technician,4,Divorced,9784,9728,1,Y,No,25,3,4,80,1,11,3,4,16,8,0,0
38,No,Travel_Frequently,686,Research & Development,18,4,Technical Degree,1,504,4,Male,90,3,3,Laboratory Technician,2,Married,1454,26726,4,Y,No,11,3,2,80,0,23,4,3,4,1,0,3
38,No,Travel_Rarely,865,Sales,25,5,Life Sciences,1,933,4,Male,69,3,1,Manager,3,Divorced,10114,21185,1,Y,Yes,13,3,1,80,1,7,3,1,19,3,2,6
41,No,Travel_Rarely,1122,Research & Development,2,4,Technical Degree,1,1716,3,Female,83,3,1,Healthcare Representative,3,Married,3675,11385,1,Y,Yes,13,4,3,80,0,17,6,3,0,3,4,1
28,No,Travel_Rarely,925,Research & Development,8,1,Marketing,1,509,1,Male,49,3,1,Human Resources,3,Single,9379,10307,2,Y,No,15,4,1,80,0,4,4,3,3,11,5,2
44,No,Non-Travel,304,Research & Development,1,3,Life Sciences,1,587,4,Female,75,3,1,Manufacturing Director,3,Married,3235,11044,3,Y,No,22,3,4,80,1,11,2,3,9,1,0,7
31,No,Travel_Rarely,102,Sales,14,3,Marketing,1,973,1,Male,52,3,1,Manager,3,Married,3007,25183,1,Y,No,21,3,1,80,0,27,2,4,5,11,6,9
32,No,Travel_Rarely,1257,Research & Development,7,2,Marketing,1,1260,1,Female,43,3,3,Laboratory Technician,4,Single,2304,4968,9,Y,No,15,3,4,80,2,4,6,3,11,7,10,9
55,No,Non-Travel,269,Sales,3,4,Medical,1,12,4,Male,50,2,1,Healthcare Representative,3,Married,2850,19517,0,Y,No,14,3,4,80,1,26,3,3,9,9,0,8
51,No,Travel_Rarely,686,Sales,28,2,Marketing,1,453,3,Male,48,1,1,Manufacturing Director,1,Single,2330,2947,4,Y,No,12,3,4,80,1,8,2,4,11,3,7,10
33,No,Travel_Rarely,251,Research & Development,6,2,Technical Degree,1,464,1,Female,82,1,2,Laboratory Technician,3,Single,18737,14583,1,Y,No,13,4,4,80,0,20,3,2,3,2,1,3
53,No,Travel_Rarely,1154,Research & Development,8,4,Marketing,1,1,1,Male,33,2,2,Healthcare Representative,4,Single,2787,20552,1,Y,No,11,4,1,80,1,5,1,3,7,2,1,4
49,No,Travel_Frequently,1401,Research & Development,7,3,Marketing,1,749,4,Male,45,2,2,Human Resources,3,Married,8258,19649,4,Y,Yes,11,4,4,80,3,3,0,3,4,11,2,1
28,Yes,Travel_Rarely,131,Research & Development,8,4,Technical Degree,1,1815,4,Male,37,3,3,Sales Executive,4,Single,2317,21123,2,Y,Yes,14,4,1,80,3,5,1,2,5,0,0,3
39,No,Travel_Rarely,680,Research & Development,1,2,Technical Degree,1,1145,4,Male,36,2,2,Sales Executive,1,Divorced,3605,17066,7,Y,No,15,3,2,80,0,3,3,2,2,9,2,0
34,No,Travel_Rarely,679,Research & Development,1,3,Marketing,1,879,3,Male,74,2,3,Research Scientist,2,Married,5739,17165,2,Y,No,11,3,4,80,1,8,3,3,5,0,0,6
19,Yes,Travel_Rarely,1208,Sales,11,3,Life Sciences,1,1051,2,Female,98,3,4,Manufacturing Director,3,Divorced,9565,24769,8,Y,Yes,12,3,4,80,1,23,2,2,0,2,1,0
53,Yes,Travel_Rarely,1459,Human Resources,22,1,Medical,1,942,2,Female,95,1,1,Laboratory Technician,1,Single,5057,14723,0,Y,Yes,11,3,2,80,0,9,3,3,4,7,1,1
35,Yes,Travel_Rarely,1208,Research & Development,29,4,Marketing,1,1769,4,Female,49,4,3,Research Scientist,1,Single,6528,10020,0,Y,Yes,22,3,3,80,1,4,3,3,8,5,0,6
36,No,Travel_Rarely,257,Sales,3,1,Marketing,1,2048,2,Male,30,3,1,Research Scientist,1,Married,3178,5885,1,Y,No,19,3,2,80,1,26,3,3,6,7,0,0
31,No,Travel_Rarely,763,Sales,17,3,Life Sciences,1,1386,4,Female,93,3,1,Healthcare Representative,4,Single,2652,13522,1,Y,No,17,3,3,80,2,6,2,3,6,2,0,2
36,No,Travel_Frequently,569,Human Resources,5,2,Marketing,1,1646,2,Female,54,1,1,Research Scientist,3,Married,5512,3651,0,Y,No,22,3,3,80,0,18,2,3,6,0,2,2
42,No,Travel_Rarely,943,Research & Development,9,3,Marketing,1,1055,2,Male,62,4,1,Manufacturing Director,3,Single,1009,2909,0,Y,No,14,3,1,80,0,6,6,3,0,5,1,2
33,No,Travel_Rarely,960,Research & Development,26,2,Life Sciences,1,1310,2,Female,38,3,2,Healthcare Representative,4,Divorced,4097,15493,4,Y,No,13,3,3,80,1,16,2,3,3,8,0,8
59,No,Travel_Rarely,935,Sales,19,3,Medical,1,590,3,Female,84,2,1,Laboratory Technician,4,Married,2402,18158,1,Y,No,17,3,1,80,1,8,3,4,3,10,1,4
53,No,Travel_Rarely,387,Human Resources,9,4,Medical,1,939,1,Male,59,3,3,Laboratory Technician,4,Married,7909,8355,0,Y,Yes,15,4,1,80,1,7,2,3,6,3,2,2
41,No,Travel_Rarely,748,Research & Development,1,4,Life Sciences,1,1519,1,Male,33,3,1,Healthcare Representative,4,Divorced,6053,7028,1,Y,No,15,3,3,80,2,9,4,3,8,3,5,2
53,No,Travel_Rarely,423,Research & Development,22,5,Medical,1,1097,2,Female,31,3,3,Research Director,1,Single,10703,16763,1,Y,No,24,3,2,80,0,27,2,2,7,4,1,3
26,No,Travel_Rarely,868,Research & Development,10,3,Marketing,1,2032,3,Male,80,3,1,Sales Executive,4,Divorced,5676,4386,0,Y,No,12,4,3,80,1,8,0,2,26,9,0,9
50,Yes,Travel_Frequently,594,Research & Development,14,3,Medical,1,1494,2,Female,80,2,1,Research Scientist,4,Single,2567,9014,0,Y,Yes,13,3,4,80,1,12,6,3,7,2,3,0
35,No,Travel_Rarely,1028,Sales,2,2,Technical Degree,1,678,3,Female,92,3,3,Laboratory Technician,4,Married,5962,5631,1,Y,Yes,14,3,3,80,1,14,4,3,37,1,8,1
43,No,Travel_Rarely,324,Sales,13,3,Life Sciences,1,992,3,Female,46,3,2,Laboratory Technician,4,Single,17733,9818,5,Y,No,16,4,1,80,1,13,2,3,19,9,2,17
32,No,Travel_Rarely,210,Research & Development,7,3,Life Sciences,1,912,3,Male,81,3,1,Sales Executive,2,Single,2053,24281,3,Y,No,11,3,4,80,2,1,3,3,14,0,2,2
49,No,Travel_Frequently,102,Research & Development,26,4,Medical,1,220,4,Male,94,4,3,Research Scientist,4,Married,2409,7604,1,Y,No,17,3,3,80,0,25,3,3,2,12,2,3
30,No,Travel_Frequently,456,Research & Development,21,3,Life Sciences,1,986,2,Male,88,2,2,Research Scientist,3,Married,1403,23763,1,Y,No,13,3,4,80,0,14,0,3,2,7,0,10
53,No,Travel_Rarely,955,Research & Development,12,3,Life Sciences,1,313,1,Male,91,3,2,Research Scientist,4,Married,19384,9803,4,Y,No,18,3,3,80,1,9,2,2,1,0,0,1
25,No,Travel_Rarely,122,Research & Development,3,3,Medical,1,1811,2,Male,33,3,1,Laboratory Technician,1,Married,3834,17372,3,Y,No,20,3,1,80,0,19,2,4,0,0,0,2
47,No,Travel_Rarely,210,Research & Development,3,4,Other,1,201,2,Male,34,2,1,Sales Executive,1,Divorced,5104,16551,4,Y,No,11,3,3,80,0,4,3,3,1,16,0,0
39,No,Travel_Rarely,1167,Sales,22,4,Marketing,1,1,3,Male,98,2,2,Healthcare Representative,4,Divorced,2005,7280,7,Y,No,14,3,3,80,3,11,4,2,13,7,3,7
25,Yes,Travel_Rarely,1044,Research & Development,1,5,Medical,1,1,2,Male,60,3,1,Laboratory Technician,2,Single,3658,4632,1,Y,Yes,13,3,2,80,2,9,2,2,12,9,0,6
27,Yes,Non-Travel,363,Research & Development,4,3,Medical,1,170,1,Male,36,3,1,Sales Executive,1,Single,4890,8296,1,Y,No,17,3,4,80,0,2,2,3,0,9,4,0
39,No,Travel_Rarely,332,Research & Development,4,3,Life Sciences,1,1,2,Female,42,3,1,Research Scientist,4,Single,19999,22295,8,Y,No,13,4,3,80,2,5,2,3,2,5,0,3
29,No,Non-Travel,329,Sales,26,3,Medical,1,2010,4,Male,87,3,1,Research Director,4,Married,3370,25198,2,Y,Yes,12,3,4,80,2,0,3,3,19,1,1,3
35,No,Travel_Frequently,420,Research & Development,1,2,Life Sciences,1,1662,4,Male,69,3,1,Research Scientist,1,Single,3412,4636,0,Y,No,15,3,2,80,1,13,2,3,1,6,2,2
44,No,Non-Travel,1149,Sales,28,1,Life Sciences,1,752,4,Male,39,2,2,Research Director,2,Married,19900,8601,4,Y,No,11,3,2,80,0,8,4,2,32,3,0,2
31,No,Travel_Rarely,669,Human Resources,8,2,Life Sciences,1,863,4,Male,37,3,2,Laboratory Technician,4,Single,3496,3763,6,Y,No,17,4,1,80,1,4,3,3,7,3,2,8
29,No,Travel_Frequently,531,Research & Development,7,1,Medical,1,244,1,Male,100,1,1,Manager,4,Single,2469,5859,1,Y,No,11,3,4,80,0,8,2,2,4,1,1,13
35,Yes,Travel_Rarely,533,Research & Development,7,2,Marketing,1,1296,4,Male,90,3,2,Research Scientist,3,Married,3024,11975,7,Y,Yes,11,3,4,80,0,7,3,2,2,0,0,1
41,Yes,Travel_Rarely,1166,Human Resources,1,2,Marketing,1,874,2,Female,49,1,2,Laboratory Technician,2,Married,5227,22407,7,Y,Yes,14,3,4,80,0,6,3,3,9,1,1,6
37,No,Travel_Frequently,1499,Research & Development,7,4,Life Sciences,1,1432,4,Male,95,2,5,Sales Executive,4,Divorced,2609,12539,1,Y,Yes,12,3,3,80,1,3,2,3,3,8,2,10
43,No,Non-Travel,1497,Sales,2,1,Life Sciences,1,1079,1,Female,90,3,1,Research Scientist,4,Single,6709,17439,0,Y,Yes,18,3,4,80,0,25,3,3,2,2,0,7
44,No,Travel_Rarely,1181,Research & Development,6,4,Life Sciences,1,1979,4,Female,88,2,5,Sales Executive,1,Married,16282,18230,8,Y,No,25,3,3,80,1,12,4,1,3,1,5,8
22,Yes,Travel_Rarely,1301,Research & Development,3,1,Medical,1,1582,2,Male,88,4,1,Research Scientist,1,Married,3508,6591,1,Y,Yes,16,3,4,80,1,14,3,2,19,1,2,0
32,No,Travel_Frequently,818,Human Resources,2,4,Life Sciences,1,379,2,Male,43,3,2,Research Scientist,4,Married,5676,7358,3,Y,No,23,4,4,80,0,4,3,3,5,9,0,2
27,No,Travel_Rarely,1230,Research & Development,18,4,Life Sciences,1,289,4,Male,51,3,3,Sales Executive,3,Married,11112,25227,4,Y,No,19,3,3,80,1,8,5,3,12,9,2,9
25,Yes,Travel_Rarely,1193,Sales,2,2,Medical,1,1879,1,Female,44,3,1,Sales Executive,1,Single,2639,3676,8,Y,Yes,15,3,4,80,0,4,2,3,4,2,0,1
39,No,Travel_Rarely,1185,Sales,26,3,Other,1,822,2,Male,95,3,2,Sales Executive,3,Single,4426,9410,1,Y,No,11,3,4,80,0,16,3,3,4,12,2,3
38,No,Non-Travel,890,Sales,8,3,Life Sciences,1,136,4,Female,77,3,1,Sales Representative,4,Single,7915,21929,1,Y,No,20,3,1,80,0,12,2,3,2,0,1,1
20,No,Travel_Frequently,102,Research & Development,1,3,Life Sciences,1,1488,1,Male,33,3,1,Research Director,4,Married,2208,19913,0,Y,No,17,4,3,80,1,11,2,3,20,10,5,11
49,No,Travel_Frequently,379,Sales,3,3,Life Sciences,1,533,1,Male,49,2,1,Research Director,4,Divorced,7844,4325,9,Y,No,17,3,3,80,0,22,3,4,9,1,1,2
32,No,Travel_Rarely,282,Research & Development,6,4,Life Sciences,1,1925,4,Male,72,3,1,Sales Representative,2,Single,1009,9849,3,Y,No,20,4,3,80,0,7,2,3,11,0,0,0
31,No,Travel_Rarely,211,Research & Development,12,3,Life Sciences,1,270,1,Male,93,3,3,Laboratory Technician,1,Single,5599,2602,9,Y,No,11,3,2,80,0,16,3,3,34,3,3,0
22,Yes,Travel_Rarely,868,Sales,16,3,Medical,1,1481,3,Male,89,3,4,Research Scientist,4,Single,13852,18888,1,Y,Yes,22,3,3,80,1,9,3,1,3,5,7,2
33,No,Non-Travel,397,Research & Development,7,4,Technical Degree,1,1367,4,Female,52,3,4,Manager,4,Married,3118,7771,0,Y,Yes,19,3,4,80,1,10,2,3,2,8,0,8
28,Yes,Travel_Rarely,1392,Research & Development,8,3,Life Sciences,1,842,3,Male,78,2,1,Manufacturing Director,4,Single,11564,14624,3,Y,Yes,24,3,4,80,0,17,2,2,6,6,2,3
30,No,Travel_Frequently,544,Research & Development,7,3,Technical Degree,1,127,2,Female,61,3,1,Research Scientist,4,Married,17932,4656,0,Y,No,11,3,3,80,3,19,2,3,1,8,0,0
51,Yes,Travel_Rarely,1364,Research & Development,29,4,Medical,1,957,2,Female,78,3,2,Laboratory Technician,3,Single,4051,16879,2,Y,Yes,14,3,4,80,0,7,3,3,4,3,1,11
27,Yes,Travel_Rarely,644,Research & Development,2,4,Marketing,1,766,3,Male,74,2,1,Human Resources,1,Divorced,3826,20876,1,Y,Yes,22,4,1,80,0,9,2,2,9,15,0,6
47,No,Travel_Rarely,147,Sales,22,5,Medical,1,1966,4,Female,94,3,1,Sales Representative,4,Single,3271,17217,1,Y,No,11,3,1,80,0,20,3,3,13,7,3,6
42,Yes,Travel_Rarely,108,Sales,28,2,Technical Degree,1,1620,2,Male,85,2,1,Research Director,3,Divorced,13022,25897,9,Y,Yes,14,3,2,80,0,6,3,4,1,0,15,7
44,No,Travel_Rarely,393,Sales,25,2,Life Sciences,1,1342,3,Female,46,3,1,Healthcare Representative,4,Married,17877,15553,4,Y,No,25,4,2,80,1,5,2,3,4,1,0,10
24,No,Travel_Rarely,660,Research & Development,10,4,Technical Degree,1,975,3,Male,46,2,2,Manager,4,Married,8769,10830,1,Y,No,13,3,4,80,0,10,2,3,5,7,0,4
35,Yes,Travel_Rarely,409,Research & Development,1,2,Medical,1,1083,1,Male,65,2,4,Sales Representative,1,Married,4192,13860,4,Y,Yes,22,3,3,80,0,6,3,1,11,6,1,2
34,Yes,Travel_Rarely,312,Research & Development,9,3,Medical,1,473,1,Male,46,2,2,Research Scientist,1,Married,4322,23402,3,Y,Yes,13,3,4,80,0,3,2,3,15,1,0,2
41,No,Travel_Rarely,1277,Research & Development,8,3,Medical,1,1218,1,Female,67,2,2,Research Scientist,4,Divorced,6757,10613,2,Y,No,11,3,4,80,0,1,2,3,6,7,0,4
37,No,Travel_Rarely,1062,Research & Development,1,1,Life Sciences,1,1404,4,Male,31,3,2,Sales Executive,1,Single,4780,12605,0,Y,No,22,3,3,80,1,1,4,3,6,1,1,10
29,No,Travel_Rarely,102,Research & Development,26,3,Marketing,1,1706,3,Male,95,3,1,Laboratory Technician,3,Divorced,2404,7559,3,Y,No,13,3,4,80,3,22,1,2,1,2,3,3
19,Yes,Travel_Rarely,264,Research & Development,3,3,Medical,1,2068,1,Male,60,3,2,Sales Executive,1,Single,7978,15635,9,Y,Yes,15,4,3,80,0,5,3,3,3,7,2,7
38,No,Travel_Rarely,921,Research & Development,2,3,Medical,1,946,3,Male,69,3,2,Manufacturing Director,4,Single,10567,18662,5,Y,No,12,3,4,80,1,6,3,2,7,2,1,1
49,No,Travel_Frequently,924,Sales,13,3,Medical,1,809,4,Female,82,2,2,Research Scientist,1,Married,3621,12527,7,Y,No,18,3,3,80,1,1,3,2,0,3,4,4
41,No,Travel_Rarely,1333,Research & Development,20,2,Other,1,1201,2,Female,32,2,2,Laboratory Technician,4,Divorced,6769,24269,1,Y,No,23,3,3,80,0,21,4,3,6,0,2,7
35,No,Travel_Rarely,635,Research & Development,20,4,Medical,1,914,1,Female,41,2,2,Sales Representative,4,Divorced,6577,7288,2,Y,No,11,3,3,80,1,4,2,2,9,8,0,0
35,No,Travel_Rarely,333,Research & Development,8,3,Life Sciences,1,228,3,Female,37,3,3,Research Scientist,3,Married,6317,20389,1,Y,No,15,4,3,80,1,2,3,2,11,2,7,1
42,No,Non-Travel,1280,Research & Development,1,2,Medical,1,1652,3,Female,32,2,3,Healthcare Representative,3,Single,2274,20705,1,Y,No,16,3,4,80,1,5,3,1,17,4,1,3
55,No,Travel_Frequently,685,Research & Development,11,5,Life Sciences,1,1213,4,Male,88,3,2,Sales Executive,1,Married,4038,11453,0,Y,No,15,3,3,80,1,5,0,3,4,3,0,12
23,No,Travel_Rarely,381,Sales,1,3,Life Sciences,1,340,1,Male,79,4,1,Laboratory Technician,4,Married,4069,24370,8,Y,No,13,3,4,80,0,9,2,3,5,11,1,1
41,No,Travel_Rarely,378,Research & Development,1,2,Technical Degree,1,1237,1,Male,86,4,5,Sales Representative,3,Married,1659,19741,1,Y,No,19,3,4,80,2,7,2,3,19,0,0,2
41,No,Travel_Rarely,561,Sales,7,4,Medical,1,236,2,Male,33,2,1,Laboratory Technician,2,Married,4436,4755,1,Y,No,11,3,4,80,1,8,2,2,13,1,1,9
36,Yes,Travel_Rarely,459,Research & Development,5,3,Life Sciences,1,1451,4,Female,71,3,1,Research Scientist,2,Single,3525,16777,5,Y,Yes,14,4,2,80,1,1,6,4,0,0,1,0
41,No,Travel_Rarely,1054,Research & Development,21,3,Life Sciences,1,1474,3,Female,57,3,1,Laboratory Technician,4,Single,2110,26566,1,Y,No,13,3,1,80,0,7,3,3,6,7,5,2
26,No,Travel_Rarely,114,Research & Development,19,2,Marketing,1,1343,3,Female,55,2,2,Laboratory Technician,1,Married,4957,12496,1,Y,No,13,3,1,80,0,10,3,4,8,8,2,2
45,No,Travel_Rarely,1074,Sales,6,3,Medical,1,705,1,Male,91,3,1,Sales Representative,3,Married,1766,18723,2,Y,No,11,3,4,80,1,14,3,3,7,8,1,6
34,No,Travel_Rarely,754,Research & Development,3,3,Life Sciences,1,991,3,Male,60,4,2,Research Director,4,Married,5437,8085,1,Y,Yes,12,3,2,80,0,8,3,3,7,7,2,10
60,No,Travel_Frequently,834,Research & Development,9,4,Life Sciences,1,435,1,Female,78,4,1,Research Scientist,4,Married,17370,9310,3,Y,No,14,3,4,80,0,5,6,4,0,7,3,1
51,No,Travel_Rarely,102,Research & Development,1,2,Medical,1,1443,4,Male,52,3,1,Sales Executive,1,Single,1833,3812,0,Y,No,11,3,4,80,2,7,5,3,20,4,1,10
43,No,Travel_Frequently,192,Research & Development,1,4,Life Sciences,1,1324,3,Male,80,3,2,Laboratory Technician,4,Married,5658,15101,0,Y,No,25,3,4,80,1,5,5,2,6,7,1,9
43,No,Travel_Rarely,542,Sales,9,4,Life Sciences,1,1,1,Male,31,2,1,Laboratory Technician,1,Married,3027,26999,2,Y,No,14,3,3,80,0,11,2,3,0,6,7,3
26,No,Travel_Frequently,1250,Research & Development,11,2,Medical,1,980,2,Male,69,2,1,Sales Representative,3,Married,3361,4503,0,Y,No,13,3,2,80,0,3,3,3,21,3,2,0
51,No,Travel_Rarely,1346,Sales,12,5,Medical,1,1106,4,Male,32,3,2,Healthcare Representative,2,Married,6806,6810,1,Y,Yes,13,3,1,80,1,22,5,2,2,2,11,10
38,No,Travel_Frequently,1091,Research & Development,2,2,Medical,1,1223,4,Female,96,4,3,Sales Executive,4,Married,2497,9130,1,Y,No,12,3,2,80,1,7,2,3,8,1,1,3
56,No,Travel_Rarely,234,Research & Development,8,4,Life Sciences,1,237,4,Male,46,4,1,Healthcare Representative,1,Married,14169,7120,1,Y,No,13,3,3,80,1,17,3,3,4,6,2,0
21,No,Travel_Frequently,319,Research & Development,3,3,Medical,1,916,3,Male,60,2,1,Research Director,3,Single,8095,20291,1,Y,No,18,3,3,80,0,18,2,3,8,2,2,3
31,No,Travel_Rarely,994,Sales,6,4,Life Sciences,1,1351,4,Male,93,1,1,Healthcare Representative,4,Married,2156,10631,2,Y,Yes,13,4,4,80,0,11,2,3,4,0,6,0
25,No,Non-Travel,1384,Research & Development,1,3,Technical Degree,1,1686,4,Male,45,3,3,Research Scientist,4,Divorced,3249,26492,7,Y,Yes,22,3,2,80,1,0,1,4,11,7,0,9
36,No,Travel_Rarely,1310,Research & Development,23,3,Medical,1,358,3,Male,86,3,1,Laboratory Technician,4,Single,6628,14621,0,Y,No,12,3,3,80,1,13,3,3,20,6,5,11
20,Yes,Travel_Rarely,312,Research & Development,28,2,Life Sciences,1,1696,2,Female,36,3,5,Research Director,3,Single,1009,17408,2,Y,Yes,18,4,3,80,0,18,5,3,9,7,0,4
33,No,Travel_Frequently,102,Sales,6,2,Medical,1,241,2,Male,91,2,1,Manufacturing Director,4,Single,2552,18781,3,Y,No,15,3,2,80,1,18,0,2,10,8,0,4
35,No,Travel_Rarely,749,Sales,13,1,Medical,1,258,3,Male,53,3,1,Research Scientist,2,Single,9309,13837,4,Y,No,15,4,2,80,2,10,2,2,0,1,0,2
42,No,Travel_Rarely,853,Research & Development,1,4,Life Sciences,1,214,3,Female,81,3,2,Healthcare Representative,4,Married,5358,13275,5,Y,Yes,25,3,3,80,2,6,2,3,9,2,0,8
39,No,Travel_Rarely,632,Sales,5,2,Technical Degree,1,844,4,Male,100,2,2,Sales Executive,3,Married,1763,26999,0,Y,No,15,3,3,80,0,2,5,3,4,4,0,7
47,No,Non-Travel,1073,Research & Development,5,3,Marketing,1,1830,3,Male,34,4,2,Laboratory Technician,2,Married,8936,9865,3,Y,Yes,15,3,3,80,0,10,4,2,1,0,3,4
27,Yes,Travel_Rarely,1382,Research & Development,16,2,Human Resources,1,1282,1,Male,49,3,2,Sales Executive,4,Single,4200,7459,1,Y,Yes,18,3,2,80,1,11,2,3,2,7,0,1
39,No,Travel_Rarely,1387,Research & Development,1,4,Medical,1,2068,1,Male,34,3,3,Research Scientist,3,Married,13027,25201,1,Y,No,13,3,3,80,1,4,4,2,3,2,1,8
44,No,Travel_Rarely,1324,Research & Development,9,2,Life Sciences,1,1637,3,Female,79,4,2,Laboratory Technician,4,Single,2404,14172,2,Y,No,15,4,1,80,1,2,2,3,8,8,1,1
42,No,Travel_Rarely,433,Sales,5,4,Life Sciences,1,605,2,Male,32,3,1,Sales Executive,3,Married,3472,13722,0,Y,No,22,4,2,80,0,8,2,4,31,3,0,7
32,No,Travel_Rarely,1190,Research & Development,3,1,Technical Degree,1,1185,2,Male,38,3,1,Manufacturing Director,4,Single,4998,11173,0,Y,No,12,3,4,80,0,12,2,3,5,2,0,7
34,No,Travel_Rarely,1421,Research & Development,1,3,Marketing,1,1296,4,Male,72,4,2,Laboratory Technician,2,Single,3005,10623,1,Y,No,19,3,1,80,0,6,3,3,6,2,13,3
40,No,Travel_Rarely,1211,Sales,20,3,Life Sciences,1,1602,3,Male,65,3,3,Sales Executive,4,Divorced,4766,19029,8,Y,No,11,3,3,80,0,18,0,3,9,4,0,9
49,No,Travel_Frequently,576,Research & Development,1,4,Other,1,1948,3,Female,32,2,2,Human Resources,3,Married,2869,13408,1,Y,Yes,12,3,3,80,1,18,2,3,2,9,0,4
36,Yes,Travel_Frequently,558,Human Resources,4,3,Technical Degree,1,943,4,Male,98,3,1,Research Scientist,1,Single,6648,7216,2,Y,Yes,12,3,4,80,0,7,2,1,11,5,1,2
25,No,Travel_Rarely,1070,Research & Development,27,2,Technical Degree,1,649,2,Male,54,3,4,Sales Representative,4,Married,9676,19056,4,Y,Yes,11,4,3,80,1,19,2,3,0,2,11,0
31,No,Travel_Frequently,981,Research & Development,1,4,Medical,1,685,4,Male,47,2,1,Research Director,4,Married,9187,21582,3,Y,No,13,3,4,80,1,16,2,3,4,0,0,11
34,No,Non-Travel,528,Sales,2,3,Life Sciences,1,416,3,Male,55,3,2,Research Scientist,1,Divorced,1376,14757,6,Y,No,14,3,4,80,1,8,2,3,10,7,2,3
31,No,Travel_Rarely,792,Sales,7,3,Medical,1,737,4,Male,34,3,1,Research Director,1,Single,6128,13127,1,Y,No,13,3,1,80,3,10,4,3,5,0,0,2
30,No,Travel_Rarely,491,Research & Development,17,2,Technical Degree,1,150,3,Female,74,2,2,Sales Representative,2,Divorced,4164,10560,1,Y,No,11,3,1,80,1,12,2,2,4,0,0,0
31,Yes,Travel_Rarely,1342,Human Resources,5,4,Medical,1,235,4,Male,79,2,1,Sales Executive,1,Married,2310,4988,1,Y,Yes,12,3,4,80,1,2,2,2,17,4,0,7
58,No,Travel_Rarely,688,Sales,19,3,Life Sciences,1,57,1,Male,72,3,1,Manufacturing Director,2,Single,11217,12792,8,Y,No,17,3,3,80,0,14,2,3,1,1,7,2
34,Yes,Travel_Frequently,1238,Research & Development,1,3,Life Sciences,1,362,1,Male,75,3,2,Human Resources,4,Single,10252,9546,5,Y,Yes,12,4,1,80,0,13,2,3,12,7,0,2
26,No,Travel_Rarely,495,Human Resources,9,4,Medical,1,631,2,Female,42,3,2,Research Scientist,4,Married,6356,11059,3,Y,No,13,3,2,80,1,4,3,3,2,7,1,9
56,No,Travel_Rarely,547,Research & Development,23,3,Life Sciences,1,1,4,Female,77,2,1,Research Director,3,Married,1975,7408,4,Y,No,17,3,1,80,0,11,3,3,3,7,0,9
41,No,Travel_Rarely,723,Research & Development,7,3,Other,1,1,3,Male,99,3,4,Laboratory Technician,4,Married,3070,2094,5,Y,No,11,3,2,80,0,24,6,3,3,2,0,5
41,Yes,Travel_Rarely,1409,Research & Development,3,2,Life Sciences,1,1709,3,Male,31,3,2,Laboratory Technician,2,Married,6318,19079,9,Y,Yes,12,3,3,80,1,13,3,2,5,6,2,1
46,No,Travel_Frequently,1081,Human Resources,1,3,Medical,1,823,4,Male,74,2,3,Research Scientist,3,Married,12279,15458,1,Y,No,14,3,1,80,1,6,3,3,5,0,4,2
36,Yes,Travel_Rarely,568,Research & Development,9,4,Marketing,1,2068,1,Female,41,3,1,Manufacturing Director,1,Single,3775,17238,2,Y,Yes,11,3,1,80,0,7,4,3,1,3,1,6
21,No,Travel_Rarely,920,Research & Development,10,4,Life Sciences,1,565,3,Female,97,3,1,Sales Executive,4,Married,1255,8740,1,Y,No,18,4,1,80,1,9,2,3,19,3,0,2
44,No,Travel_Rarely,1153,Research & Development,1,3,Other,1,1782,2,Female,40,3,2,Research Director,3,Single,6298,22144,7,Y,No,14,3,4,80,0,27,3,3,7,5,0,3
30,No,Travel_Rarely,567,Sales,5,3,Medical,1,1927,3,Male,39,3,5,Manager,3,Married,5092,12694,1,Y,No,13,3,3,80,2,6,3,3,9,5,7,0
36,No,Travel_Rarely,1177,Research & Development,10,3,Medical,1,437,3,Female,77,3,2,Laboratory Technician,1,Divorced,4841,14788,1,Y,No,12,3,3,80,0,21,3,3,10,8,1,8
32,No,Travel_Rarely,691,Research & Development,1,3,Technical Degree,1,428,2,Female,60,3,1,Research Scientist,4,Single,12815,9212,1,Y,Yes,12,4,4,80,0,2,2,3,1,10,3,0
30,No,Travel_Frequently,1261,Sales,17,1,Medical,1,1397,2,Male,30,3,3,Sales Executive,1,Divorced,5387,26999,9,Y,No,16,3,1,80,1,6,2,3,0,2,1,3
48,No,Travel_Frequently,1023,Sales,16,2,Life Sciences,1,575,4,Male,43,2,3,Sales Executive,2,Married,8642,17380,2,Y,No,14,3,1,80,2,7,4,2,9,8,0,2
42,No,Travel_Frequently,1444,Human Resources,24,3,Life Sciences,1,905,4,Male,38,3,1,Research Scientist,1,Single,2537,17350,2,Y,No,14,4,4,80,1,6,3,3,6,2,1,2
60,No,Travel_Frequently,374,Research & Development,4,2,Medical,1,1398,4,Male,72,3,1,Research Scientist,3,Divorced,8072,26093,6,Y,No,16,3,3,80,0,28,2,3,0,16,0,0
23,Yes,Travel_Rarely,169,Research & Development,20,2,Technical Degree,1,827,3,Male,97,2,1,Research Scientist,3,Married,5565,9520,3,Y,Yes,22,3,4,80,1,8,3,3,3,0,6,3
28,No,Travel_Rarely,944,Research & Development,7,2,Life Sciences,1,1203,3,Male,31,2,1,Research Director,4,Married,4255,24596,6,Y,No,14,3,2,80,2,4,2,2,12,16,0,2
52,No,Travel_Rarely,593,Research & Development,26,3,Medical,1,1895,3,Male,80,3,3,Sales Executive,4,Married,7876,6304,1,Y,Yes,12,3,3,80,2,9,5,3,6,2,0,5
24,No,Travel_Rarely,1111,Human Resources,7,4,Life Sciences,1,167,3,Female,64,3,1,Research Scientist,1,Divorced,5011,13256,1,Y,No,13,3,4,80,3,19,4,2,10,1,6,3
60,Yes,Travel_Rarely,806,Research & Development,21,3,Human Resources,1,344,1,Female,63,4,2,Laboratory Technician,1,Divorced,3433,9217,0,Y,Yes,14,3,3,80,1,25,5,3,13,1,0,0
25,No,Travel_Rarely,162,Sales,29,4,Medical,1,518,3,Female,52,3,3,Sales Executive,4,Single,4558,4135,1,Y,No,12,3,1,80,0,5,3,3,3,2,1,11
50,No,Travel_Rarely,860,Research & Development,12,3,Life Sciences,1,7,4,Female,40,4,1,Research Scientist,4,Single,2362,10405,7,Y,No,19,3,4,80,2,13,5,3,10,4,8,3
40,No,Travel_Rarely,1068,Research & Development,1,4,Life Sciences,1,1021,4,Female,45,3,1,Research Scientist,3,Single,2204,20205,7,Y,No,17,3,1,80,2,3,2,3,7,3,10,2
22,No,Travel_Rarely,1314,Research & Development,1,4,Marketing,1,2068,1,Male,67,4,1,Manager,2,Married,1479,21613,3,Y,No,11,4,3,80,2,4,4,2,5,2,6,8
18,No,Travel_Rarely,958,Research & Development,8,3,Life Sciences,1,304,4,Female,60,3,1,Sales Executive,1,Married,9544,12306,1,Y,No,13,3,2,80,0,0,3,2,2,7,0,1
29,No,Travel_Rarely,1304,Research & Development,4,3,Medical,1,1058,3,Female,39,2,2,Research Scientist,3,Single,10664,24339,4,Y,No,11,4,4,80,2,17,2,3,6,7,2,7
32,Yes,Travel_Rarely,228,Research & Development,4,3,Medical,1,1662,1,Male,87,1,3,Research Director,1,Single,4531,15818,0,Y,Yes,18,3,2,80,3,20,5,3,3,2,1,2
27,No,Non-Travel,858,Human Resources,6,4,Life Sciences,1,264,1,Male,58,4,2,Sales Executive,3,Divorced,6751,3787,1,Y,No,14,3,3,80,2,23,3,3,2,3,0,7
54,No,Travel_Rarely,820,Research & Development,17,1,Life Sciences,1,1678,4,Female,90,3,1,Sales Executive,2,Married,16417,20802,4,Y,Yes,22,3,1,80,0,11,3,2,6,9,0,1
41,No,Travel_Frequently,1138,Research & Development,14,3,Life Sciences,1,526,4,Male,75,1,3,Sales Executive,1,Divorced,2139,7052,5,Y,No,13,3,4,80,0,4,3,4,10,2,0,10
35,No,Non-Travel,383,Research & Development,9,4,Life Sciences,1,1557,4,Female,52,3,1,Sales Executive,3,Married,3642,10732,1,Y,No,14,3,2,80,2,5,2,3,3,3,0,8
49,No,Non-Travel,248,Research & Development,10,3,Medical,1,1868,1,Female,86,3,2,Manufacturing Director,2,Divorced,4795,2094,3,Y,No,18,3,3,80,1,2,2,2,0,0,0,13
31,No,Travel_Rarely,1433,Human Resources,9,3,Technical Degree,1,30,1,Male,57,3,3,Sales Representative,4,Single,4899,4277,8,Y,No,15,3,3,80,1,11,5,3,10,2,0,0
35,No,Travel_Rarely,914,Sales,1,4,Life Sciences,1,1488,4,Male,84,3,1,Manager,4,Single,7039,24824,1,Y,No,11,3,2,80,1,7,2,1,7,2,1,3
38,No,Travel_Frequently,102,Sales,12,4,Life Sciences,1,413,3,Male,92,3,1,Healthcare Representative,4,Divorced,6396,16545,6,Y,No,16,3,1,80,1,7,3,3,4,3,2,1
50,No,Travel_Rarely,954,Research & Development,22,4,Human Resources,1,627,4,Male,68,3,4,Research Director,4,Married,6110,12726,2,Y,No,13,3,2,80,0,11,3,2,28,0,0,5
47,No,Travel_Rarely,595,Research & Development,28,4,Technical Degree,1,790,4,Female,60,2,2,Sales Executive,3,Married,6697,19256,0,Y,No,16,3,3,80,0,9,2,3,7,5,0,7
45,No,Travel_Rarely,1249,Research & Development,7,4,Life Sciences,1,838,4,Female,74,3,2,Research Director,4,Married,10007,25077,4,Y,No,14,4,4,80,0,31,2,3,1,3,1,3
19,No,Travel_Rarely,247,Research & Development,1,3,Medical,1,879,4,Female,58,3,2,Manufacturing Director,2,Single,5812,22294,3,Y,No,13,4,2,80,2,12,1,3,4,3,0,4
23,No,Travel_Rarely,1040,Research & Development,3,3,Life Sciences,1,876,3,Female,35,3,3,Sales Executive,4,Married,2116,20708,1,Y,No,13,3,4,80,3,14,5,3,22,0,2,15
21,No,Travel_Rarely,1476,Research & Development,21,4,Life Sciences,1,547,3,Male,89,3,2,Manufacturing Director,1,Married,5598,16604,7,Y,No,18,4,3,80,3,10,2,3,8,2,0,0
36,Yes,Travel_Rarely,993,Research & Development,10,3,Marketing,1,346,2,Male,80,3,1,Laboratory Technician,1,Married,2703,14792,1,Y,Yes,21,3,1,80,1,8,1,2,4,3,2,0
48,No,Travel_Rarely,982,Sales,1,1,Life Sciences,1,1094,1,Female,53,3,1,Sales Executive,4,Married,5187,25370,4,Y,No,18,3,2,80,0,4,2,3,7,3,0,3
27,No,Travel_Frequently,517,Research & Development,10,3,Medical,1,719,4,Female,74,3,3,Manager,1,Divorced,6322,9335,1,Y,No,11,3,4,80,0,9,0,2,1,0,0,9
45,No,Travel_Rarely,880,Sales,7,3,Other,1,1906,3,Female,86,3,1,Manufacturing Director,4,Single,4129,9162,0,Y,No,11,3,2,80,1,0,4,2,5,10,0,2
18,No,Travel_Rarely,949,Sales,6,4,Marketing,1,663,3,Male,67,3,1,Sales Representative,4,Married,13219,9875,4,Y,No,13,4,1,80,0,7,1,3,8,0,2,6
18,No,Travel_Rarely,779,Sales,3,3,Human Resources,1,310,4,Female,37,2,1,Sales Executive,4,Married,4487,7145,3,Y,No,11,3,3,80,2,8,2,4,6,0,3,0
35,No,Travel_Rarely,1105,Sales,1,1,Other,1,1235,4,Female,87,3,1,Sales Executive,2,Married,2960,6742,0,Y,No,16,3,3,80,1,6,2,2,5,7,1,0
29,No,Travel_Rarely,580,Research & Development,4,1,Medical,1,492,4,Female,34,3,3,Sales Representative,3,Single,2292,19024,0,Y,No,15,3,3,80,2,37,3,3,2,2,1,1
45,Yes,Travel_Rarely,1091,Sales,6,4,Medical,1,1418,3,Male,52,1,1,Laboratory Technician,2,Divorced,3414,6813,0,Y,Yes,12,3,2,80,0,5,3,3,4,5,1,0
36,Yes,Travel_Rarely,943,Research & Development,13,4,Marketing,1,1890,1,Female,67,3,2,Laboratory Technician,4,Married,3557,17699,7,Y,Yes,11,3,4,80,0,18,4,3,9,12,1,8
39,No,Travel_Rarely,739,Research & Development,1,3,Medical,1,1028,1,Male,95,3,2,Laboratory Technician,3,Married,4529,11103,1,Y,No,21,3,4,80,1,0,3,2,0,8,0,6
25,No,Travel_Rarely,1288,Human Resources,21,3,Medical,1,321,3,Male,94,3,4,Human Resources,4,Divorced,2518,16169,7,Y,No,14,3,2,80,3,28,3,3,3,3,0,9
40,No,Travel_Rarely,917,Research & Development,10,4,Life Sciences,1,36,3,Male,53,3,1,Manufacturing Director,3,Married,4806,20136,0,Y,No,14,3,3,80,0,3,2,3,1,4,0,3
31,No,Travel_Rarely,133,Research & Development,24,3,Life Sciences,1,544,2,Female,72,4,3,Laboratory Technician,4,Single,3108,6193,0,Y,No,22,3,2,80,0,12,0,3,5,3,0,2
38,No,Travel_Rarely,532,Research & Development,1,3,Life Sciences,1,583,3,Male,72,2,3,Sales Executive,2,Married,3100,14398,0,Y,No,11,4,2,80,0,9,2,3,0,5,1,2
44,No,Travel_Rarely,485,Research & Development,4,1,Medical,1,960,2,Female,91,3,1,Healthcare Representative,4,Married,17827,5399,2,Y,No,11,3,3,80,1,0,3,2,3,0,13,7
57,No,Travel_Frequently,486,Research & Development,2,3,Medical,1,1830,2,Female,88,4,2,Manufacturing Director,4,Divorced,13230,16440,1,Y,No,13,3,4,80,1,11,2,4,37,3,0,9
30,No,Non-Travel,549,Research & Development,3,3,Life Sciences,1,1005,3,Male,60,3,1,Laboratory Technician,3,Married,7029,11066,3,Y,No,13,3,3,80,0,11,4,3,6,4,10,6
34,No,Travel_Rarely,1006,Research & Development,1,3,Marketing,1,1377,3,Female,83,3,2,Laboratory Technician,4,Married,4970,21126,1,Y,No,14,3,1,80,1,13,2,2,6,0,0,3
43,No,Non-Travel,628,Research & Development,1,4,Life Sciences,1,1727,1,Male,44,4,1,Research Scientist,4,Married,3768,12252,3,Y,No,13,3,1,80,1,12,3,2,0,0,2,4
33,No,Travel_Rarely,745,Sales,4,4,Life Sciences,1,1163,4,Female,46,2,1,Sales Executive,3,Single,15222,11032,1,Y,No,12,4,4,80,1,5,2,2,4,4,1,3
27,Yes,Travel_Rarely,638,Sales,14,2,Life Sciences,1,1939,1,Male,89,3,3,Healthcare Representative,4,Married,6802,15652,6,Y,Yes,11,4,2,80,2,18,3,2,6,1,0,11
28,No,Travel_Rarely,1320,Sales,1,1,Life Sciences,1,38,1,Male,42,2,2,Laboratory Technician,3,Single,4089,20642,5,Y,No,21,4,3,80,2,0,4,3,0,1,0,3
47,No,Non-Travel,542,Sales,8,4,Medical,1,991,3,Male,85,3,1,Research Scientist,3,Single,1009,3413,9,Y,No,14,3,2,80,0,1,2,3,3,2,3,1
41,Yes,Travel_Rarely,853,Research & Development,13,4,Life Sciences,1,927,3,Male,41,2,4,Sales Executive,2,Married,5847,13923,1,Y,Yes,15,3,4,80,0,2,3,3,5,1,6,3
38,No,Travel_Rarely,708,Research & Development,1,3,Medical,1,693,4,Female,52,3,5,Research Scientist,3,Single,2988,4075,1,Y,No,12,3,2,80,1,14,3,3,8,2,7,2
31,No,Travel_Rarely,319,Sales,16,3,Medical,1,1819,3,Female,76,3,3,Laboratory Technician,3,Divorced,3364,8859,3,Y,No,17,3,4,80,2,7,3,3,11,2,1,4
38,No,Travel_Rarely,693,Human Resources,2,4,Life Sciences,1,1259,4,Male,57,3,2,Manufacturing Director,3,Married,5844,21111,0,Y,No,12,3,1,80,2,7,2,2,8,7,0,2
31,No,Travel_Rarely,1204,Research & Development,24,5,Medical,1,2019,4,Female,98,3,3,Laboratory Technician,3,Married,4496,7001,1,Y,No,12,3,2,80,1,0,2,3,0,11,0,2
49,No,Travel_Frequently,1055,Research & Development,23,3,Medical,1,749,2,Female,80,2,4,Research Scientist,3,Married,5396,14900,1,Y,No,11,3,1,80,3,10,2,2,5,3,0,1
52,No,Travel_Frequently,1024,Research & Development,5,4,Human Resources,1,1869,3,Female,55,3,2,Manager,4,Married,3816,16394,1,Y,No,12,3,4,80,1,7,3,2,8,5,1,0
24,No,Travel_Rarely,744,Research & Development,3,2,Human Resources,1,1454,4,Male,72,3,2,Research Director,4,Single,2350,18182,1,Y,No,18,4,1,80,1,29,5,3,13,7,0,8
48,No,Travel_Frequently,950,Research & Development,1,4,Life Sciences,1,1370,2,Female,67,3,2,Sales Executive,3,Single,4945,19982,1,Y,No,12,3,4,80,0,14,6,3,4,5,6,5
36,Yes,Travel_Rarely,283,Research & Development,1,3,Other,1,913,1,Male,43,3,3,Sales Executive,2,Married,14976,7022,5,Y,Yes,15,3,4,80,0,4,3,3,10,2,0,0
48,No,Travel_Rarely,776,Research & Development,1,3,Life Sciences,1,684,4,Male,54,4,2,Sales Representative,4,Married,8779,2094,2,Y,Yes,22,4,2,80,2,6,3,3,8,6,0,0
28,No,Travel_Rarely,1346,Sales,14,4,Life Sciences,1,866,3,Male,34,3,2,Sales Executive,4,Married,7560,19984,7,Y,No,19,3,1,80,0,5,4,3,9,2,5,3
33,No,Travel_Rarely,1472,Research & Development,12,3,Marketing,1,1761,2,Male,41,3,1,Sales Executive,3,Divorced,2968,5432,8,Y,No,22,3,4,80,2,21,2,3,4,7,0,6
18,No,Travel_Rarely,1068,Research & Development,1,2,Medical,1,661,4,Female,75,1,1,Laboratory Technician,1,Single,4792,9840,1,Y,No,14,4,3,80,1,5,4,3,9,14,2,0
47,No,Travel_Rarely,1085,Sales,1,1,Marketing,1,1633,1,Male,60,2,4,Manufacturing Director,1,Single,2917,7530,8,Y,No,11,3,4,80,3,6,4,3,8,4,10,4
34,No,Travel_Frequently,706,Research & Development,17,2,Marketing,1,1085,4,Male,74,1,1,Manufacturing Director,3,Single,17646,4983,8,Y,No,12,3,2,80,0,23,2,3,8,0,2,3
22,No,Travel_Rarely,536,Research & Development,29,3,Life Sciences,1,65,1,Female,97,2,4,Manufacturing Director,3,Divorced,4784,21588,1,Y,No,14,3,3,80,2,12,5,2,8,0,0,8
41,No,Travel_Rarely,292,Research & Development,1,1,Medical,1,613,2,Female,51,3,1,Sales Representative,3,Divorced,13545,11748,1,Y,No,11,4,2,80,0,8,2,3,10,4,1,8
18,No,Travel_Rarely,1270,Sales,1,3,Technical Degree,1,213,3,Male,30,2,2,Research Scientist,4,Married,1889,4431,3,Y,No,15,3,3,80,0,2,5,2,5,2,0,4
33,No,Travel_Rarely,126,Research & Development,3,3,Medical,1,1453,4,Female,64,4,2,Laboratory Technician,4,Divorced,2665,14916,7,Y,Yes,14,3,2,80,0,7,2,3,6,2,1,3
40,No,Non-Travel,494,Research & Development,22,2,Life Sciences,1,2,2,Female,42,3,2,Sales Representative,3,Single,5303,11231,3,Y,No,12,4,4,80,1,6,2,2,4,8,11,2
30,No,Travel_Frequently,1198,Sales,2,4,Human Resources,1,1195,4,Male,59,2,1,Research Scientist,2,Divorced,2599,5691,2,Y,No,12,4,3,80,0,12,5,4,10,3,2,5
40,No,Travel_Rarely,157,Research & Development,22,4,Technical Degree,1,651,4,Male,93,3,4,Laboratory Technician,4,Married,2705,8497,1,Y,No,17,3,1,80,0,10,0,3,6,3,1,0
40,Yes,Travel_Rarely,1187,Research & Development,16,4,Medical,1,986,4,Female,65,2,3,Healthcare Representative,4,Single,1816,5356,1,Y,Yes,15,3,2,80,2,5,2,1,3,3,0,6
39,Yes,Travel_Frequently,396,Sales,18,3,Life Sciences,1,1149,3,Male,78,2,3,Manufacturing Director,3,Married,3696,8879,0,Y,Yes,13,3,4,80,1,16,2,3,0,2,9,12
27,No,Travel_Rarely,1499,Research & Development,14,4,Life Sciences,1,82,1,Female,75,1,1,Sales Executive,4,Married,4956,8638,0,Y,No,19,3,1,80,0,25,4,3,8,8,0,2
35,Yes,Travel_Rarely,1492,Sales,5,2,Medical,1,1239,2,Male,67,3,1,Sales Executive,2,Divorced,6331,18971,1,Y,Yes,12,3,3,80,0,10,3,3,9,8,0,9
22,No,Travel_Frequently,1499,Research & Development,29,4,Other,1,1605,4,Female,94,3,2,Laboratory Technician,4,Married,7706,7739,2,Y,No,18,3,3,80,3,11,3,3,2,9,6,0
25,No,Travel_Rarely,1094,Research & Development,2,3,Life Sciences,1,137,3,Male,61,3,1,Human Resources,4,Married,5166,5796,1,Y,Yes,11,3,4,80,2,11,2,3,4,3,0,3
40,Yes,Travel_Rarely,387,Human Resources,7,3,Life Sciences,1,1552,2,Female,76,3,2,Research Scientist,1,Single,1562,3668,0,Y,Yes,19,3,2,80,1,5,5,3,2,0,5,2
48,No,Travel_Rarely,791,Sales,5,3,Human Resources,1,1568,3,Female,83,3,3,Research Director,3,Single,15051,9984,1,Y,No,23,4,2,80,1,18,1,3,7,3,1,7
52,No,Travel_Rarely,946,Research & Development,5,2,Medical,1,986,2,Male,37,4,1,Healthcare Representative,2,Single,5037,19322,1,Y,No,12,3,2,80,0,5,2,3,1,3,1,3
26,No,Travel_Rarely,956,Research & Development,3,4,Marketing,1,273,1,Male,67,3,2,Research Scientist,1,Divorced,6575,20361,1,Y,No,11,3,4,80,1,35,3,3,4,0,0,1
28,No,Travel_Frequently,619,Research & Development,17,3,Life Sciences,1,1440,3,Male,79,1,1,Manager,4,Married,16953,3538,9,Y,Yes,14,3,4,80,1,10,4,3,10,0,9,0
51,No,Travel_Rarely,1181,Research & Development,18,3,Marketing,1,1871,4,Female,43,2,3,Sales Executive,2,Married,3186,6430,1,Y,Yes,12,3,3,80,1,23,0,3,2,3,9,2
30,No,Travel_Frequently,543,Research & Development,1,3,Life Sciences,1,1430,4,Female,76,3,3,Research Director,1,Married,2755,20279,9,Y,No,14,3,3,80,2,9,3,4,3,3,8,0
36,No,Travel_Frequently,896,Sales,7,3,Life Sciences,1,1185,3,Male,54,2,1,Human Resources,1,Divorced,3176,12977,1,Y,No,12,4,1,80,1,18,4,3,9,1,7,3
18,No,Travel_Rarely,608,Research & Development,15,3,Life Sciences,1,510,2,Male,50,3,5,Human Resources,3,Married,4256,11036,2,Y,No,16,3,4,80,0,12,6,3,4,0,0,8
31,Yes,Travel_Rarely,1413,Research & Development,5,4,Life Sciences,1,2068,1,Male,75,4,1,Human Resources,2,Single,1723,13934,1,Y,Yes,15,3,3,80,0,18,0,2,13,1,0,6
32,Yes,Travel_Rarely,102,Research & Development,9,1,Life Sciences,1,505,2,Male,76,3,3,Laboratory Technician,4,Single,2651,24546,3,Y,Yes,16,4,4,80,0,15,5,2,0,7,2,3
38,No,Travel_Frequently,1497,Sales,6,1,Medical,1,1366,1,Male,51,1,1,Sales Representative,3,Divorced,1689,22485,7,Y,No,12,3,4,80,1,11,2,2,8,9,0,2
36,No,Travel_Frequently,340,Sales,27,4,Medical,1,2056,4,Male,89,1,3,Research Director,4,Married,19775,8862,1,Y,No,17,3,1,80,0,16,3,3,0,0,0,8
38,No,Travel_Rarely,1140,Research & Development,3,4,Medical,1,671,3,Female,57,2,2,Manufacturing Director,2,Married,12985,8609,0,Y,No,13,3,2,80,1,6,0,3,12,0,0,7
34,No,Travel_Rarely,692,Research & Development,29,3,Technical Degree,1,1606,4,Male,38,2,2,Manufacturing Director,1,Single,5842,16204,4,Y,No,11,4,2,80,2,10,2,2,1,7,7,2
30,No,Travel_Rarely,1178,Research & Development,2,3,Other,1,697,3,Male,57,3,1,Sales Representative,4,Divorced,4618,9029,2,Y,No,19,4,4,80,2,11,1,3,12,2,1,4
32,Yes,Travel_Frequently,1212,Research & Development,20,4,Life Sciences,1,1314,3,Female,64,4,3,Sales Executive,1,Married,5914,3134,0,Y,Yes,17,3,2,80,1,5,2,3,11,3,1,1
46,No,Travel_Rarely,1362,Research & Development,24,3,Life Sciences,1,1409,4,Male,91,2,1,Research Director,4,Married,1009,13141,0,Y,No,24,3,3,80,1,9,2,2,6,2,0,2
29,Yes,Travel_Rarely,1137,Sales,29,3,Technical Degree,1,1569,4,Male,48,4,2,Sales Executive,1,Married,8925,5652,1,Y,Yes,12,3,4,80,0,9,3,3,1,1,0,2
36,No,Travel_Rarely,147,Research & Development,8,2,Other,1,1108,4,Male,100,3,2,Research Scientist,3,Single,7648,9745,8,Y,No,21,3,3,80,1,14,0,3,9,7,1,13
40,Yes,Travel_Rarely,250,Research & Development,7,1,Marketing,1,92,3,Female,82,2,1,Manager,4,Single,4739,20434,0,Y,Yes,13,4,3,80,0,11,2,3,0,8,1,2
33,No,Travel_Rarely,1136,Sales,1,4,Life Sciences,1,557,4,Male,47,4,1,Sales Executive,3,Single,3529,20654,8,Y,Yes,13,3,3,80,3,3,1,2,18,8,1,7
40,Yes,Travel_Frequently,1309,Research & Development,16,4,Life Sciences,1,1557,3,Female,40,2,1,Sales Executive,3,Married,3172,19487,1,Y,Yes,13,3,3,80,0,4,3,3,23,3,7,16
40,No,Travel_Frequently,471,Human Resources,2,4,Life Sciences,1,1510,3,Male,70,3,2,Research Scientist,4,Single,4481,17871,7,Y,No,18,3,4,80,1,10,2,3,1,1,2,3
38,No,Travel_Rarely,610,Sales,4,3,Life Sciences,1,965,4,Female,43,3,2,Research Scientist,2,Married,11640,21066,1,Y,Yes,12,3,2,80,1,4,2,3,3,2,0,6
31,No,Travel_Rarely,769,Research & Development,10,3,Life Sciences,1,345,3,Male,74,1,3,Research Director,4,Married,7082,5020,4,Y,No,18,3,4,80,0,9,2,2,3,8,0,1
34,Yes,Travel_Rarely,831,Sales,16,4,Marketing,1,879,2,Female,72,3,1,Manufacturing Director,1,Divorced,2530,14885,6,Y,Yes,14,4,2,80,1,12,2,2,4,4,0,7
35,No,Travel_Rarely,538,Research & Development,11,2,Medical,1,1409,3,Male,39,2,1,Manager,3,Divorced,1936,25171,3,Y,No,20,3,3,80,3,16,3,3,9,0,3,4
35,No,Travel_Rarely,1289,Research & Development,4,5,Life Sciences,1,1826,3,Female,68,2,2,Research Scientist,2,Married,2141,5367,3,Y,No,15,3,1,80,0,6,3,3,7,0,2,3
36,No,Travel_Frequently,178,Sales,12,5,Medical,1,830,4,Male,97,3,2,Laboratory Technician,4,Married,1009,10098,0,Y,No,16,4,1,80,0,32,2,3,3,0,2,9
38,Yes,Travel_Rarely,626,Sales,20,3,Medical,1,84,4,Female,47,4,1,Research Scientist,4,Single,5460,13262,2,Y,Yes,12,3,1,80,0,4,2,1,1,3,1,2
30,No,Travel_Rarely,655,Sales,15,4,Life Sciences,1,1133,1,Male,50,2,1,Manufacturing Director,4,Married,4026,15466,3,Y,No,13,3,4,80,2,11,2,3,2,2,0,3
36,No,Travel_Rarely,673,Research & Development,28,4,Other,1,1792,4,Male,100,3,2,Research Scientist,3,Married,7273,12200,4,Y,No,12,3,3,80,0,14,3,3,17,7,2,0
38,No,Travel_Rarely,732,Research & Development,7,2,Medical,1,222,1,Male,91,2,2,Healthcare Representative,4,Single,6592,10419,6,Y,No,17,3,3,80,1,9,2,4,0,8,0,2
30,No,Travel_Rarely,786,Research & Development,13,3,Other,1,163,3,Male,85,3,1,Laboratory Technician,3,Divorced,13216,13583,1,Y,No,13,3,2,80,1,4,2,3,7,1,1,2
47,No,Travel_Rarely,1221,Research & Development,2,2,Life Sciences,1,1545,4,Female,98,3,3,Healthcare Representative,1,Single,9952,4166,4,Y,No,11,3,3,80,2,21,2,3,4,2,1,3
36,No,Travel_Rarely,492,Research & Development,14,4,Medical,1,2038,3,Male,33,3,1,Laboratory Technician,4,Married,4912,22048,4,Y,No,14,3,1,80,0,12,3,4,8,4,1,2
32,No,Travel_Rarely,801,Sales,11,1,Medical,1,1115,3,Female,64,2,2,Research Scientist,4,Married,3258,5278,1,Y,No,25,4,2,80,1,4,3,2,4,10,0,2
35,No,Travel_Rarely,194,Sales,28,4,Medical,1,1804,4,Male,75,4,2,Manufacturing Director,4,Single,8799,5517,1,Y,No,17,3,3,80,1,4,1,2,16,8,1,9
22,No,Travel_Frequently,271,Research & Development,11,3,Medical,1,547,2,Female,37,3,1,Research Scientist,2,Divorced,4291,14594,0,Y,No,17,3,1,80,3,39,2,3,4,4,1,0
32,No,Travel_Rarely,1384,Sales,7,3,Medical,1,1759,3,Female,94,3,3,Sales Representative,3,Married,9921,8714,1,Y,Yes,12,3,1,80,0,5,2,3,0,3,0,5
30,Yes,Travel_Rarely,473,Research & Development,2,2,Marketing,1,212,3,Male,35,2,2,Manager,4,Single,6514,22879,6,Y,Yes,12,3,3,80,2,11,2,2,4,1,7,2
41,No,Travel_Rarely,1241,Research & Development,15,1,Medical,1,1935,3,Female,98,3,2,Research Scientist,4,Married,5264,13255,1,Y,Yes,14,3,4,80,0,13,2,4,11,4,0,6
32,Yes,Travel_Rarely,454,Research & Development,10,1,Medical,1,1063,4,Male,82,1,1,Sales Executive,1,Married,3908,22083,0,Y,Yes,12,3,1,80,2,1,3,3,11,0,0,8
39,Yes,Non-Travel,467,Sales,7,4,Life Sciences,1,1646,1,Female,87,2,2,Sales Executive,3,Married,4814,9883,6,Y,Yes,12,3,4,80,1,2,2,3,7,2,0,0
38,No,Travel_Rarely,291,Human Resources,1,4,Technical Degree,1,1642,1,Male,83,3,5,Laboratory Technician,2,Married,1310,23628,1,Y,No,12,3,4,80,0,13,3,3,6,0,3,2
45,No,Travel_Rarely,663,Research & Development,2,3,Medical,1,545,2,Female,49,3,2,Healthcare Representative,3,Single,18714,7027,1,Y,No,12,3,3,80,1,2,3,3,1,4,0,0
22,Yes,Travel_Rarely,846,Research & Development,5,2,Life Sciences,1,1202,4,Female,58,1,1,Laboratory Technician,1,Single,3039,4658,1,Y,Yes,11,3,3,80,1,28,3,4,5,7,5,0
30,No,Travel_Frequently,146,Research & Development,25,3,Life Sciences,1,1392,3,Male,92,3,3,Sales Executive,1,Married,4813,6580,2,Y,No,14,3,4,80,0,7,3,2,0,4,0,0
42,Yes,Travel_Frequently,141,Research & Development,25,2,Life Sciences,1,1676,2,Female,90,2,1,Research Scientist,4,Married,7081,22292,5,Y,Yes,11,3,3,80,0,19,2,1,16,9,0,13
43,Yes,Travel_Frequently,1497,Research & Development,6,3,Marketing,1,1151,4,Male,98,2,2,Sales Representative,1,Divorced,3110,8496,2,Y,Yes,11,3,4,80,1,1,4,3,1,3,0,7
35,No,Travel_Rarely,102,Research & Development,1,2,Medical,1,1711,3,Female,45,1,1,Human Resources,4,Single,4089,11435,1,Y,No,16,3,2,80,0,2,5,2,10,2,0,4
27,No,Travel_Rarely,137,Sales,27,3,Life Sciences,1,1522,4,Male,64,4,1,Research Scientist,4,Divorced,2672,5637,0,Y,No,24,3,3,80,0,8,3,3,15,0,0,1
31,No,Travel_Rarely,205,Sales,2,4,Marketing,1,1234,4,Female,31,2,1,Research Director,3,Single,3410,13471,2,Y,No,16,3,3,80,0,12,3,2,6,2,1,3
42,No,Travel_Rarely,859,Human Resources,11,1,Life Sciences,1,1499,2,Male,69,4,2,Laboratory Technician,4,Married,14261,26999,4,Y,No,16,3,2,80,2,7,2,3,12,5,1,0
40,No,Travel_Rarely,362,Research & Development,20,1,Technical Degree,1,270,4,Male,39,3,3,Laboratory Technician,3,Married,3239,17138,1,Y,No,12,3,3,80,0,9,2,3,15,7,1,0
46,No,Travel_Frequently,439,Sales,1,4,Marketing,1,1766,4,Male,95,2,2,Sales Executive,3,Divorced,5468,4483,1,Y,No,13,3,1,80,0,2,3,3,11,4,2,1
44,No,Travel_Rarely,518,Research & Development,16,4,Life Sciences,1,1165,1,Female,75,2,1,Research Scientist,4,Married,1250,14646,1,Y,No,18,3,4,80,2,33,4,4,3,1,1,2
26,No,Travel_Rarely,864,Sales,2,4,Other,1,469,4,Male,58,3,3,Sales Executive,4,Married,3515,4289,1,Y,Yes,16,3,1,80,0,35,1,3,5,8,2,2
56,No,Travel_Rarely,1232,Research & Development,6,3,Technical Degree,1,520,3,Male,66,3,2,Manufacturing Director,3,Single,2193,3959,2,Y,No,15,3,3,80,0,1,3,3,6,0,0,0
45,No,Travel_Frequently,264,Research & Development,4,4,Medical,1,276,3,Male,73,3,1,Sales Representative,1,Married,2239,25129,4,Y,No,14,3,3,80,0,14,5,2,2,4,0,7
40,No,Travel_Rarely,1010,Research & Development,2,3,Life Sciences,1,291,3,Male,88,3,2,Laboratory Technician,4,Divorced,2212,21742,6,Y,No,19,3,3,80,1,6,5,3,3,6,1,2
37,No,Travel_Rarely,856,Research & Development,2,2,Medical,1,1066,4,Male,89,3,2,Manager,4,Divorced,8228,15149,9,Y,Yes,15,3,3,80,1,2,2,3,6,3,2,0
43,Yes,Travel_Frequently,1170,Research & Development,7,4,Other,1,2068,2,Female,97,1,2,Research Scientist,4,Divorced,9513,13925,9,Y,Yes,12,3,4,80,0,8,3,3,4,0,4,8
31,No,Travel_Rarely,1150,Research & Development,10,2,Technical Degree,1,772,4,Male,96,4,1,Research Director,4,Single,12414,8339,1,Y,No,17,3,1,80,1,7,4,3,3,4,5,3
26,No,Travel_Rarely,1150,Sales,5,5,Marketing,1,1311,4,Female,97,4,3,Sales Executive,3,Married,2343,10229,0,Y,Yes,16,3,3,80,1,3,3,2,11,8,0,0
30,Yes,Travel_Frequently,102,Research & Development,4,1,Life Sciences,1,1841,4,Female,59,2,1,Laboratory Technician,4,Married,1570,4835,9,Y,Yes,13,3,2,80,1,3,2,2,15,7,1,12
50,No,Travel_Rarely,794,Sales,7,1,Life Sciences,1,100,1,Male,39,3,1,Sales Executive,1,Married,19999,18203,1,Y,No,11,3,4,80,0,7,3,3,9,6,2,1
52,No,Travel_Rarely,224,Research & Development,6,1,Medical,1,1672,2,Female,48,2,3,Sales Executive,3,Married,10002,16767,4,Y,No,19,4,2,80,0,0,4,2,0,6,0,3
37,No,Travel_Rarely,797,Sales,1,4,Life Sciences,1,1240,2,Female,84,3,1,Research Scientist,3,Divorced,1221,22117,3,Y,No,11,3,3,80,1,9,2,3,6,0,1,0
22,No,Travel_Rarely,1449,Sales,2,3,Life Sciences,1,1147,4,Female,58,2,2,Sales Executive,1,Single,2493,25814,3,Y,No,11,4,2,80,0,10,5,3,5,16,1,2
32,No,Travel_Rarely,1499,Research & Development,23,3,Medical,1,1120,4,Male,83,2,1,Research Scientist,1,Married,7734,22589,2,Y,No,14,3,3,80,0,6,3,3,9,1,2,0
47,No,Travel_Frequently,739,Research & Development,1,3,Marketing,1,1052,3,Female,42,3,1,Manager,4,Married,15928,11142,1,Y,Yes,11,3,1,80,1,14,2,3,1,6,0,16
42,No,Travel_Frequently,456,Research & Development,5,1,Marketing,1,1420,4,Male,79,2,3,Research Director,1,Married,15028,16428,2,Y,Yes,11,4,1,80,1,5,2,3,3,4,11,1
38,No,Travel_Rarely,988,Research & Development,12,4,Medical,1,188,4,Female,89,3,2,Laboratory Technician,2,Single,7767,23481,4,Y,No,15,3,4,80,3,25,4,3,0,9,0,3
27,No,Travel_Frequently,1061,Research & Development,4,1,Life Sciences,1,1884,3,Male,98,3,2,Sales Executive,3,Married,7970,13495,3,Y,No,12,3,1,80,1,32,2,3,3,3,0,1
34,No,Travel_Rarely,613,Research & Development,5,2,Technical Degree,1,1658,4,Female,97,3,1,Manager,3,Married,2286,13072,1,Y,No,11,3,2,80,0,20,3,3,1,4,3,0
48,No,Travel_Rarely,336,Research & Development,24,2,Life Sciences,1,742,4,Male,34,3,2,Sales Executive,3,Married,5753,7461,1,Y,No,12,3,1,80,0,14,2,3,9,7,0,0
50,No,Travel_Rarely,502,Sales,22,2,Medical,1,2039,4,Female,51,2,1,Research Director,2,Single,10626,21391,3,Y,No,22,3,4,80,2,1,2,3,17,2,0,7
28,No,Travel_Rarely,1161,Sales,8,3,Medical,1,2010,3,Male,32,3,1,Research Director,3,Divorced,3012,22452,6,Y,No,13,3,3,80,1,9,5,3,5,3,1,6
35,Yes,Travel_Frequently,1144,Research & Development,8,2,Life Sciences,1,1769,1,Male,97,3,3,Research Scientist,4,Married,4040,21214,4,Y,Yes,25,3,1,80,1,4,2,3,8,4,0,0
44,No,Travel_Rarely,1499,Research & Development,8,3,Life Sciences,1,2000,4,Male,99,2,3,Research Scientist,3,Divorced,2916,19046,6,Y,No,24,3,3,80,0,12,2,3,5,7,1,2
40,No,Travel_Frequently,1160,Sales,2,3,Life Sciences,1,1623,1,Male,71,3,1,Laboratory Technician,4,Single,6068,26999,7,Y,No,14,3,2,80,0,9,3,3,2,2,13,10
34,No,Travel_Rarely,1499,Sales,5,3,Medical,1,2054,4,Female,83,3,2,Sales Executive,2,Single,2760,6029,1,Y,No,13,3,2,80,0,2,2,3,8,4,0,0
40,No,Travel_Frequently,372,Research & Development,7,4,Marketing,1,191,2,Female,43,2,3,Research Director,3,Married,18664,24530,1,Y,No,16,3,3,80,1,21,2,3,0,7,2,0
36,No,Travel_Rarely,1332,Research & Development,8,2,Life Sciences,1,109,4,Female,84,3,2,Healthcare Representative,2,Single,4023,26788,5,Y,No,16,3,3,80,1,9,2,4,0,0,0,1
36,Yes,Travel_Rarely,1072,Sales,1,4,Medical,1,254,2,Female,62,3,2,Laboratory Technician,3,Divorced,3342,19603,3,Y,Yes,12,3,3,80,1,23,1,1,6,2,3,0
32,No,Travel_Rarely,986,Research & Development,5,3,Medical,1,1485,3,Female,64,3,3,Healthcare Representative,4,Single,19385,25378,2,Y,No,24,3,4,80,0,15,2,3,5,9,1,0
42,No,Travel_Rarely,254,Research & Development,6,3,Life Sciences,1,965,2,Male,34,1,2,Healthcare Representative,4,Married,2599,20727,0,Y,No,11,3,1,80,0,19,3,4,5,10,2,10
36,No,Non-Travel,212,Human Resources,1,4,Medical,1,99,4,Male,93,2,1,Sales Executive,1,Married,5316,5311,2,Y,No,13,3,4,80,2,7,1,3,2,1,0,8
21,No,Travel_Rarely,1283,Research & Development,14,1,Life Sciences,1,1246,2,Female,99,4,3,Healthcare Representative,3,Married,15745,2533,1,Y,Yes,12,3,3,80,0,5,3,2,11,10,0,0
35,No,Travel_Rarely,1379,Sales,3,4,Marketing,1,423,1,Female,89,3,2,Healthcare Representative,3,Married,6439,22938,1,Y,No,20,3,3,80,2,11,2,2,9,0,2,7
35,No,Travel_Rarely,1171,Research & Development,5,2,Medical,1,1682,3,Male,82,3,4,Healthcare Representative,1,Married,2888,15243,1,Y,No,12,3,4,80,2,11,3,3,8,3,1,4
57,No,Travel_Rarely,246,Sales,2,5,Life Sciences,1,166,3,Male,100,3,4,Healthcare Representative,2,Single,7131,22162,8,Y,No,15,3,3,80,1,11,3,3,5,2,2,3
23,No,Travel_Rarely,1123,Research & Development,1,2,Medical,1,56,2,Female,35,3,1,Research Scientist,4,Single,11631,14894,7,Y,Yes,12,3,3,80,0,25,5,3,3,7,8,16
54,No,Travel_Rarely,291,Research & Development,22,3,Other,1,2068,3,Female,52,3,3,Sales Executive,3,Divorced,12764,21643,4,Y,No,14,3,4,80,1,7,3,2,4,4,2,8
57,No,Travel_Frequently,860,Research & Development,3,3,Medical,1,312,4,Male,78,3,2,Research Scientist,4,Divorced,6407,4494,1,Y,No,13,3,3,80,0,23,5,3,15,0,2,1
32,Yes,Travel_Rarely,1267,Research & Development,1,2,Life Sciences,1,32,2,Male,59,2,2,Sales Executive,4,Single,4116,23498,9,Y,Yes,13,3,2,80,1,9,4,3,5,0,0,7
34,Yes,Travel_Rarely,703,Sales,11,3,Life Sciences,1,58,4,Male,47,3,1,Healthcare Representative,1,Divorced,10049,12764,1,Y,Yes,24,3,4,80,0,0,2,1,11,8,8,7
36,No,Travel_Rarely,916,Human Resources,20,1,Life Sciences,1,1805,2,Male,43,3,2,Research Scientist,3,Single,4414,10664,1,Y,No,14,3,3,80,1,9,4,2,2,1,9,8
35,No,Travel_Rarely,1429,Research & Development,1,3,Technical Degree,1,821,1,Female,94,3,2,Research Scientist,2,Divorced,8305,10627,8,Y,No,20,3,4,80,2,18,0,3,3,0,4,7
31,No,Travel_Frequently,1045,Research & Development,22,1,Medical,1,2068,2,Female,80,3,1,Sales Representative,3,Single,2600,9301,4,Y,No,16,3,2,80,0,1,1,3,5,3,7,3
34,No,Travel_Rarely,458,Research & Development,21,3,Medical,1,39,1,Male,74,3,1,Healthcare Representative,2,Married,18712,16477,0,Y,Yes,13,3,3,80,3,4,2,2,6,12,1,1
26,Yes,Travel_Rarely,323,Research & Development,21,3,Technical Degree,1,647,1,Male,41,3,3,Sales Executive,2,Single,13258,6559,4,Y,Yes,13,3,2,80,0,14,3,3,21,9,1,7
44,No,Travel_Frequently,1184,Research & Development,1,2,Life Sciences,1,1083,3,Male,72,2,5,Sales Executive,1,Single,2071,7369,2,Y,No,15,3,2,80,3,12,3,2,4,11,0,8
26,Yes,Travel_Rarely,814,Sales,2,4,Medical,1,1574,3,Female,78,3,1,Research Scientist,2,Single,2490,12322,1,Y,Yes,13,3,4,80,1,15,1,3,7,9,8,3
42,Yes,Non-Travel,1121,Sales,2,2,Medical,1,669,2,Female,76,3,2,Research Scientist,2,Single,2818,16441,0,Y,Yes,11,3,4,80,0,8,3,1,10,2,4,4
35,No,Travel_Frequently,1122,Research & Development,4,4,Medical,1,1728,2,Female,47,3,2,Laboratory Technician,1,Married,4019,15225,2,Y,No,13,3,3,80,3,12,0,3,10,0,0,7
23,No,Non-Travel,316,Research & Development,1,2,Life Sciences,1,1982,4,Female,73,2,2,Manager,4,Divorced,5922,8506,7,Y,No,11,3,2,80,0,13,2,4,0,2,1,2
39,No,Travel_Rarely,1150,Research & Development,23,2,Life Sciences,1,323,1,Female,55,2,1,Research Scientist,4,Married,16796,5724,7,Y,No,21,3,4,80,1,21,4,1,32,0,12,0
24,No,Travel_Rarely,430,Research & Development,2,4,Life Sciences,1,718,3,Male,45,2,1,Sales Representative,1,Divorced,1848,22156,4,Y,No,15,3,1,80,0,5,3,3,0,2,0,0
32,No,Travel_Rarely,372,Research & Development,5,3,Medical,1,1332,3,Female,87,2,1,Healthcare Representative,4,Married,5613,22144,4,Y,No,24,3,1,80,2,8,3,4,11,7,0,2
37,No,Travel_Frequently,1123,Research & Development,20,3,Medical,1,336,2,Female,92,2,1,Sales Executive,3,Married,6813,25478,1,Y,No,16,4,3,80,2,7,3,2,22,1,0,3
46,No,Travel_Rarely,510,Research & Development,3,5,Life Sciences,1,230,4,Female,67,3,2,Research Scientist,4,Married,6646,25842,3,Y,No,16,3,3,80,1,0,3,3,3,1,6,7
41,No,Non-Travel,639,Research & Development,5,3,Medical,1,1132,1,Female,73,2,4,Healthcare Representative,1,Single,11284,8827,1,Y,No,19,4,1,80,0,20,1,3,8,4,0,1
39,No,Travel_Frequently,1136,Research & Development,1,1,Life Sciences,1,1091,4,Male,32,4,1,Laboratory Technician,4,Single,4328,21235,1,Y,No,19,3,4,80,0,10,0,3,12,8,0,9
48,No,Travel_Frequently,479,Research & Development,14,4,Technical Degree,1,573,4,Male,100,3,1,Human Resources,4,Married,5731,12484,0,Y,No,17,3,2,80,1,33,2,2,6,8,4,2
25,No,Non-Travel,502,Research & Development,10,3,Medical,1,1457,2,Male,89,3,1,Laboratory Technician,4,Married,7802,21773,4,Y,Yes,22,3,1,80,2,11,2,2,0,1,0,7
38,No,Travel_Rarely,427,Research & Development,13,2,Medical,1,172,3,Female,92,3,2,Research Scientist,4,Single,5927,19352,9,Y,No,21,3,3,80,0,14,2,3,1,7,1,0
35,No,Travel_Rarely,700,Sales,2,2,Medical,1,1570,4,Male,99,2,1,Sales Executive,4,Single,17644,5291,1,Y,No,11,3,2,80,3,10,3,3,3,7,10,0
50,No,Travel_Frequently,299,Research & Development,10,1,Technical Degree,1,307,2,Male,63,3,2,Healthcare Representative,4,Married,12705,10396,1,Y,No,17,3,4,80,3,8,2,2,4,6,1,1
26,No,Travel_Frequently,921,Research & Development,2,4,Technical Degree,1,847,3,Male,83,3,2,Manufacturing Director,1,Married,1237,15005,2,Y,No,14,3,2,80,0,13,4,4,3,7,2,2
31,No,Travel_Rarely,144,Sales,21,1,Marketing,1,978,1,Male,79,3,2,Research Scientist,4,Married,18855,17750,1,Y,No,11,3,3,80,0,17,2,2,5,5,14,0
42,No,Non-Travel,728,Sales,14,2,Life Sciences,1,340,3,Male,100,3,1,Human Resources,2,Married,18878,7439,1,Y,No,13,3,2,80,2,15,3,3,3,6,0,9
43,No,Travel_Frequently,758,Research & Development,7,3,Marketing,1,1759,3,Male,54,3,1,Human Resources,4,Divorced,4526,22684,1,Y,Yes,21,3,2,80,0,7,2,3,7,1,0,9
42,No,Travel_Rarely,1054,Research & Development,4,1,Life Sciences,1,1867,1,Male,31,3,2,Laboratory Technician,4,Divorced,3546,4614,3,Y,No,12,3,3,80,0,7,1,4,3,0,2,8
41,No,Travel_Rarely,921,Sales,12,3,Life Sciences,1,960,4,Female,77,1,3,Sales Executive,3,Divorced,17594,26999,2,Y,No,19,4,3,80,1,7,2,3,1,1,0,2
57,No,Non-Travel,1055,Research & Development,1,3,Life Sciences,1,946,3,Male,46,3,2,Research Scientist,3,Married,4797,21418,2,Y,Yes,16,4,1,80,0,16,2,2,8,2,1,4
34,No,Travel_Rarely,762,Research & Development,8,2,Technical Degree,1,312,3,Male,100,2,2,Sales Executive,4,Single,3460,15727,1,Y,No,15,3,4,80,0,8,0,3,9,7,0,7
44,Yes,Travel_Rarely,291,Human Resources,29,1,Life Sciences,1,990,2,Male,80,3,1,Research Scientist,4,Divorced,1009,5123,0,Y,Yes,14,3,4,80,1,21,3,2,5,1,0,1
54,No,Non-Travel,1150,Research & Development,2,4,Medical,1,227,2,Female,100,2,1,Laboratory Technician,4,Married,4786,7228,4,Y,No,17,3,4,80,1,23,3,4,7,13,2,6
29,No,Travel_Rarely,190,Research & Development,5,3,Life Sciences,1,1496,3,Female,78,2,2,Sales Executive,1,Single,4565,9653,4,Y,No,12,4,1,80,1,3,4,2,13,1,0,2
31,No,Travel_Rarely,744,Research & Development,7,1,Medical,1,618,2,Female,100,1,2,Laboratory Technician,4,Married,10790,4294,7,Y,No,12,3,2,80,1,20,4,3,3,2,4,11
30,No,Travel_Rarely,180,Research & Development,1,3,Life Sciences,1,270,1,Male,92,2,1,Laboratory Technician,4,Single,1897,26691,2,Y,No,13,4,3,80,1,32,3,2,5,5,0,1
58,No,Travel_Rarely,304,Sales,7,4,Medical,1,1835,2,Female,93,3,5,Sales Executive,1,Single,4782,8174,0,Y,No,15,3,3,80,1,0,0,2,3,2,1,1
29,No,Travel_Rarely,1186,Sales,8,3,Life Sciences,1,1442,4,Male,44,3,1,Manager,2,Married,6670,19222,1,Y,No,12,3,3,80,1,3,6,2,8,1,3,1
42,No,Travel_Rarely,263,Research & Development,11,1,Life Sciences,1,1653,2,Female,50,3,2,Sales Executive,4,Married,3250,7349,0,Y,No,19,3,1,80,0,19,3,3,10,0,3,1
27,No,Travel_Rarely,1158,Research & Development,2,4,Life Sciences,1,186,4,Male,70,3,1,Sales Executive,3,Single,7903,22669,4,Y,No,11,3,3,80,3,21,2,3,3,7,0,9
35,No,Travel_Rarely,488,Research & Development,4,2,Life Sciences,1,770,3,Male,96,4,3,Research Director,4,Married,7052,13448,9,Y,No,19,3,1,80,1,12,0,3,9,2,1,14
53,No,Travel_Frequently,548,Research & Development,4,3,Life Sciences,1,263,2,Female,70,3,1,Laboratory Technician,1,Divorced,9207,2618,1,Y,No,19,3,3,80,1,6,0,2,9,4,0,8
53,No,Travel_Frequently,653,Research & Development,1,3,Medical,1,922,4,Male,34,4,1,Sales Executive,4,Married,1991,9540,0,Y,No,15,3,1,80,0,3,6,4,9,4,0,0
21,No,Travel_Rarely,418,Human Resources,29,4,Technical Degree,1,851,2,Male,71,2,2,Research Scientist,4,Married,4649,21893,1,Y,No,20,3,1,80,0,12,0,3,21,6,1,4
21,No,Travel_Rarely,1023,Research & Development,10,4,Technical Degree,1,1420,4,Male,66,3,2,Sales Executive,3,Single,2961,26999,4,Y,No,11,3,3,80,0,11,2,2,6,1,4,3
51,No,Travel_Rarely,875,Research & Development,24,4,Life Sciences,1,1624,3,Male,92,3,2,Laboratory Technician,3,Single,17208,16732,1,Y,Yes,12,3,1,80,0,5,3,3,7,1,0,0
36,No,Travel_Rarely,900,Research & Development,18,4,Life Sciences,1,710,3,Male,49,3,1,Manager,3,Divorced,2458,16848,6,Y,No,11,3,3,80,1,11,2,3,5,13,0,0
25,No,Travel_Rarely,1137,Research & Development,2,3,Marketing,1,865,1,Male,55,3,3,Laboratory Technician,3,Married,1009,20180,4,Y,No,14,3,3,80,1,23,3,3,3,3,6,4
32,No,Travel_Rarely,420,Sales,15,2,Technical Degree,1,1287,3,Female,35,3,2,Sales Executive,2,Single,4730,3593,1,Y,No,16,3,3,80,1,15,3,2,2,4,0,10
38,No,Travel_Frequently,867,Research & Development,29,3,Life Sciences,1,152,1,Male,77,2,2,Research Director,4,Divorced,6072,25946,8,Y,No,22,4,3,80,1,16,3,3,19,7,5,2
35,No,Travel_Rarely,179,Sales,1,4,Life Sciences,1,352,3,Male,78,3,1,Sales Executive,3,Single,16054,26770,3,Y,No,18,3,4,80,0,16,5,3,4,3,1,0
27,No,Travel_Rarely,1064,Sales,27,4,Life Sciences,1,1268,1,Female,37,2,1,Research Scientist,3,Married,2427,9412,4,Y,No,15,3,3,80,1,7,2,2,1,2,1,0
43,No,Travel_Frequently,1313,Research & Development,1,3,Life Sciences,1,338,2,Female,93,3,4,Manufacturing Director,3,Married,17829,10522,1,Y,Yes,11,3,2,80,0,12,2,3,9,4,0,0
57,No,Travel_Frequently,288,Research & Development,13,5,Medical,1,1656,2,Female,77,1,1,Sales Executive,3,Married,2629,5757,0,Y,No,13,3,3,80,0,3,3,3,4,2,1,1
52,Yes,Travel_Rarely,301,Sales,1,3,Marketing,1,1130,2,Female,33,3,4,Research Director,3,Single,6245,26524,4,Y,Yes,13,3,2,80,0,2,2,2,0,8,0,8
29,No,Travel_Frequently,1346,Research & Development,7,3,Marketing,1,363,2,Female,55,3,3,Laboratory Technician,3,Single,4147,22412,1,Y,No,18,3,1,80,2,0,2,4,4,7,2,3
41,No,Travel_Rarely,589,Research & Development,2,4,Life Sciences,1,280,2,Male,95,3,5,Sales Representative,3,Married,3414,18250,0,Y,No,11,3,1,80,1,4,3,4,7,2,0,2
36,No,Travel_Rarely,823,Research & Development,1,3,Life Sciences,1,1503,3,Male,89,2,3,Sales Executive,4,Divorced,3623,15439,8,Y,No,14,4,2,80,1,0,3,3,7,8,6,5
46,No,Travel_Frequently,790,Sales,18,2,Life Sciences,1,427,1,Female,67,4,2,Human Resources,4,Single,19042,23453,2,Y,Yes,12,4,1,80,1,15,4,3,10,8,2,11
31,No,Travel_Rarely,1499,Sales,17,2,Technical Degree,1,58,1,Female,97,4,3,Healthcare Representative,2,Divorced,10072,24382,1,Y,No,12,3,4,80,0,13,4,3,2,6,1,3
44,No,Travel_Rarely,1158,Research & Development,9,5,Life Sciences,1,1107,3,Female,45,3,1,Research Scientist,4,Divorced,3094,7120,0,Y,No,19,4,2,80,0,23,3,2,1,0,1,2
45,No,Travel_Rarely,550,Research & Development,5,3,Marketing,1,280,2,Male,96,2,2,Research Director,2,Married,3609,22639,6,Y,No,22,3,2,80,1,14,2,3,0,0,2,10
40,No,Travel_Rarely,1055,Research & Development,7,1,Life Sciences,1,506,4,Male,95,2,1,Sales Executive,1,Single,4041,15074,2,Y,No,16,4,1,80,1,13,2,4,2,10,9,5
32,No,Travel_Rarely,1127,Research & Development,2,4,Medical,1,338,3,Female,76,2,1,Sales Executive,3,Divorced,3042,26999,1,Y,No,15,3,1,80,1,16,4,3,12,3,0,0
30,No,Travel_Rarely,1244,Research & Development,2,4,Life Sciences,1,1212,4,Male,89,3,2,Sales Executive,2,Single,6625,18309,2,Y,No,11,3,4,80,0,5,2,3,17,8,0,12
29,No,Travel_Rarely,120,Research & Development,8,1,Medical,1,942,4,Male,30,3,1,Healthcare Representative,4,Married,2787,3062,2,Y,No,14,4,4,80,0,1,2,3,3,3,5,6
26,No,Travel_Frequently,505,Research & Development,13,3,Medical,1,546,3,Female,69,3,1,Research Director,2,Divorced,5626,5670,5,Y,No,11,3,3,80,0,3,2,4,6,2,3,8
23,Yes,Travel_Rarely,561,Sales,13,4,Life Sciences,1,1644,2,Male,65,1,1,Sales Representative,1,Married,3241,25311,7,Y,Yes,13,4,4,80,1,15,2,3,2,3,2,6
22,No,Non-Travel,1253,Research & Development,21,4,Medical,1,1741,3,Female,82,2,4,Sales Executive,1,Married,3123,3978,3,Y,No,12,3,2,80,0,9,6,2,6,2,1,10
29,No,Travel_Rarely,280,Sales,8,3,Life Sciences,1,1517,1,Female,37,3,2,Research Scientist,4,Single,1597,19409,3,Y,No,20,3,1,80,1,14,3,1,3,7,1,0
28,No,Travel_Frequently,922,Sales,6,3,Life Sciences,1,617,1,Male,76,3,2,Healthcare Representative,1,Divorced,3429,23907,1,Y,No,13,3,1,80,3,6,3,3,4,0,2,2
29,No,Travel_Rarely,338,Sales,6,2,Other,1,1232,4,Female,87,3,2,Manufacturing Director,4,Divorced,10880,7965,3,Y,No,22,3,3,80,1,14,3,3,4,7,1,7
41,No,Travel_Rarely,586,Research & Development,3,4,Human Resources,1,1682,1,Male,43,3,3,Laboratory Technician,3,Married,9656,2769,0,Y,No,11,3,4,80,0,18,3,3,4,3,1,2
47,Yes,Travel_Rarely,1121,Research & Development,10,3,Life Sciences,1,203,2,Female,72,2,2,Manager,3,Single,1009,9410,0,Y,Yes,11,3,2,80,0,20,6,3,8,2,0,4
30,No,Travel_Frequently,1380,Research & Development,4,3,Life Sciences,1,1770,3,Male,85,1,1,Sales Representative,1,Married,2492,6941,2,Y,No,15,3,1,80,1,21,3,3,1,8,0,7
45,No,Travel_Rarely,102,Human Resources,6,3,Marketing,1,1390,1,Male,49,3,1,Human Resources,3,Single,13939,13566,7,Y,Yes,25,3,4,80,1,33,3,3,12,5,4,0
35,No,Travel_Rarely,994,Sales,6,4,Life Sciences,1,807,4,Male,60,3,2,Research Scientist,4,Single,4578,7223,4,Y,No,20,3,3,80,1,17,2,3,4,0,0,0
53,No,Non-Travel,1286,Sales,5,3,Life Sciences,1,693,4,Male,54,3,1,Sales Executive,2,Divorced,6839,18370,3,Y,No,18,4,3,80,1,2,4,4,2,13,0,11
54,No,Travel_Rarely,171,Sales,4,4,Life Sciences,1,504,3,Male,81,3,2,Laboratory Technician,4,Single,2177,26999,1,Y,No,16,3,4,80,0,21,3,3,0,1,2,0
26,No,Travel_Rarely,1112,Research & Development,1,4,Medical,1,1152,4,Female,61,2,3,Laboratory Technician,3,Divorced,7497,16601,1,Y,No,13,3,3,80,1,10,0,3,8,7,0,1
35,No,Travel_Frequently,643,Sales,29,1,Life Sciences,1,842,3,Male,49,3,2,Laboratory Technician,4,Divorced,5006,4687,1,Y,No,23,3,4,80,1,15,3,3,13,2,6,2
56,No,Travel_Rarely,638,Human Resources,4,3,Marketing,1,1210,2,Female,81,3,1,Research Scientist,4,Single,5567,12981,2,Y,No,13,4,2,80,0,25,4,3,0,7,1,11
44,Yes,Travel_Rarely,1125,Research & Development,21,2,Medical,1,532,1,Female,85,4,1,Human Resources,3,Single,1970,25617,3,Y,Yes,13,3,2,80,1,9,3,4,6,3,1,1
26,Yes,Travel_Rarely,1307,Sales,3,2,Medical,1,1304,1,Female,68,3,1,Laboratory Technician,3,Single,3789,5409,6,Y,Yes,12,3,4,80,0,7,3,3,7,6,0,7
54,No,Travel_Rarely,1427,Sales,17,3,Life Sciences,1,1553,3,Male,42,3,3,Laboratory Technician,4,Married,12383,22753,9,Y,Yes,19,3,1,80,1,7,3,3,3,6,0,0
60,No,Travel_Rarely,613,Research & Development,1,2,Medical,1,315,3,Male,96,4,1,Sales Executive,2,Married,4671,17969,2,Y,No,11,3,4,80,2,0,3,3,17,1,0,1
27,No,Travel_Frequently,199,Research & Development,13,5,Medical,1,1910,4,Female,58,2,2,Sales Executive,4,Married,14608,8864,1,Y,No,11,3,4,80,1,2,3,3,6,2,0,6
23,No,Travel_Rarely,1212,Research & Development,3,1,Life Sciences,1,1498,1,Male,94,3,2,Sales Executive,4,Married,11157,25657,3,Y,No,12,3,4,80,2,28,3,3,7,7,0,11
26,No,Travel_Frequently,112,Sales,27,2,Other,1,768,3,Male,73,4,1,Research Scientist,3,Married,1546,8968,3,Y,No,18,4,1,80,1,27,3,3,7,3,1,1
37,No,Travel_Rarely,518,Research & Development,7,1,Life Sciences,1,376,2,Female,44,3,2,Laboratory Technician,3,Divorced,6917,11477,3,Y,Yes,15,3,4,80,3,12,2,3,11,7,2,2
40,No,Travel_Frequently,332,Research & Development,10,3,Life Sciences,1,995,1,Male,58,3,2,Laboratory Technician,1,Married,6439,5977,0,Y,No,25,3,2,80,1,13,6,2,7,4,0,8
37,No,Travel_Rarely,553,Research & Development,1,3,Life Sciences,1,1030,4,Male,94,3,2,Sales Executive,4,Single,3116,17741,1,Y,No,12,3,2,80,1,15,2,2,4,6,6,0
23,No,Travel_Rarely,359,Sales,3,1,Life Sciences,1,126,4,Female,48,3,2,Manufacturing Director,1,Married,1357,6737,2,Y,No,19,3,4,80,1,8,3,2,3,7,0,8
29,No,Travel_Rarely,130,Research & Development,3,2,Life Sciences,1,635,3,Female,64,2,1,Sales Representative,1,Married,4809,15975,1,Y,No,12,4,3,80,0,9,2,4,16,3,0,2
33,No,Non-Travel,708,Research & Development,15,4,Medical,1,936,4,Female,55,3,1,Sales Executive,2,Divorced,9181,15902,7,Y,Yes,13,3,4,80,1,31,2,2,3,4,7,0
31,No,Travel_Frequently,1275,Research & Development,7,2,Other,1,376,4,Male,35,3,1,Research Director,4,Married,5680,6480,8,Y,No,18,3,3,80,2,4,2,2,22,1,2,2
45,No,Travel_Rarely,483,Research & Development,1,1,Technical Degree,1,597,3,Male,80,2,2,Laboratory Technician,1,Married,7315,22657,1,Y,Yes,12,3,3,80,0,28,1,3,5,3,1,8
48,No,Travel_Rarely,782,Research & Development,3,4,Medical,1,1870,1,Female,32,3,2,Manager,2,Married,16656,26999,6,Y,No,14,3,3,80,1,8,2,4,1,0,1,4
39,Yes,Travel_Rarely,1083,Sales,1,4,Life Sciences,1,886,1,Female,43,2,3,Sales Executive,1,Divorced,4776,12457,1,Y,Yes,18,3,1,80,1,6,3,1,3,3,3,8
24,No,Travel_Rarely,121,Human Resources,8,3,Marketing,1,375,1,Female,67,3,1,Sales Executive,2,Single,1851,8808,5,Y,No,17,3,4,80,1,31,2,3,33,0,6,0
44,Yes,Travel_Rarely,390,Sales,3,4,Life Sciences,1,1534,2,Male,70,3,2,Sales Executive,1,Divorced,3151,26999,1,Y,Yes,16,3,1,80,0,5,2,3,6,2,1,11
42,Yes,Travel_Rarely,230,Sales,6,3,Technical Degree,1,145,2,Male,61,2,1,Research Scientist,1,Single,6537,17999,3,Y,Yes,12,4,2,80,0,5,3,3,1,1,0,3
28,Yes,Travel_Frequently,691,Sales,9,4,Life Sciences,1,2060,1,Male,48,3,2,Sales Executive,1,Divorced,3822,13095,1,Y,Yes,17,3,4,80,0,7,5,2,1,2,0,2
39,No,Travel_Rarely,343,Research & Development,4,3,Marketing,1,43,3,Female,50,3,2,Laboratory Technician,3,Divorced,9413,17112,7,Y,No,18,3,1,80,0,4,2,2,7,3,0,2
29,No,Travel_Rarely,1222,Sales,2,2,Medical,1,272,3,Male,36,2,1,Healthcare Representative,4,Single,3457,5744,2,Y,No,11,3,3,80,1,0,1,3,5,0,1,4
19,No,Travel_Rarely,564,Research & Development,2,2,Technical Degree,1,1433,3,Male,92,2,3,Laboratory Technician,4,Married,15051,4885,5,Y,Yes,12,3,2,80,0,4,2,3,6,2,2,0
31,No,Travel_Rarely,1434,Research & Development,1,3,Life Sciences,1,412,3,Female,40,3,4,Manufacturing Director,4,Married,6611,13803,6,Y,Yes,11,3,2,80,1,3,2,2,4,2,2,0
34,No,Travel_Rarely,831,Sales,11,3,Life Sciences,1,1338,4,Male,59,3,3,Sales Executive,4,Married,7055,20088,8,Y,No,22,3,2,80,1,2,2,3,7,2,1,0
38,No,Non-Travel,1055,Sales,1,4,Technical Degree,1,1252,2,Male,98,4,2,Research Scientist,2,Married,15486,11295,4,Y,Yes,15,3,1,80,1,6,2,3,9,7,15,6
49,No,Travel_Rarely,1146,Sales,19,3,Life Sciences,1,1800,2,Female,76,3,4,Sales Executive,1,Married,5812,6694,3,Y,No,11,4,3,80,1,12,1,3,6,1,5,6
35,Yes,Travel_Rarely,457,Research & Development,19,1,Medical,1,1280,4,Female,76,3,2,Sales Executive,2,Married,8900,3954,4,Y,Yes,22,3,2,80,0,7,2,3,2,2,1,4
36,No,Travel_Rarely,480,Research & Development,5,1,Medical,1,653,2,Female,100,1,3,Research Scientist,3,Married,2101,24235,3,Y,No,18,3,2,80,1,7,3,3,3,4,12,2
24,No,Travel_Rarely,691,Sales,4,1,Technical Degree,1,674,1,Male,30,2,2,Sales Executive,3,Single,7159,8104,1,Y,No,18,4,4,80,0,6,3,3,2,0,7,2
44,No,Travel_Rarely,1033,Research & Development,28,3,Medical,1,1759,2,Female,37,3,1,Manufacturing Director,3,Married,7794,24303,1,Y,No,11,3,1,80,1,25,3,3,2,7,0,0
30,No,Travel_Rarely,876,Research & Development,6,2,Life Sciences,1,639,2,Male,66,3,2,Laboratory Technician,3,Single,6279,5649,0,Y,No,15,3,3,80,1,11,2,3,5,2,2,4
40,No,Travel_Rarely,837,Research & Development,21,4,Life Sciences,1,2023,4,Male,38,4,2,Research Scientist,3,Married,4895,15691,3,Y,No,20,3,4,80,2,8,3,3,3,7,0,2
31,No,Travel_Rarely,448,Research & Development,8,1,Marketing,1,55,2,Female,81,3,2,Manager,3,Married,2647,21195,5,Y,No,14,4,2,80,0,5,2,3,2,2,1,4
32,No,Travel_Rarely,1226,Human Resources,20,3,Life Sciences,1,1425,4,Male,81,3,2,Sales Executive,1,Single,4425,21176,1,Y,No,11,3,4,80,1,11,3,3,9,8,4,2
27,Yes,Travel_Frequently,735,Sales,3,4,Life Sciences,1,394,3,Male,59,3,2,Manufacturing Director,3,Single,7111,6763,3,Y,Yes,12,4,1,80,0,13,3,3,8,2,1,8
33,No,Travel_Rarely,1168,Research & Development,3,3,Life Sciences,1,1721,3,Female,60,3,1,Research Scientist,1,Single,19294,12997,2,Y,No,25,3,1,80,1,7,2,3,5,1,0,0
52,No,Travel_Frequently,770,Research & Development,11,5,Marketing,1,920,2,Male,50,2,5,Sales Representative,3,Divorced,3471,17832,6,Y,No,17,3,2,80,1,10,2,1,12,0,1,0
27,No,Travel_Rarely,927,Research & Development,5,4,Medical,1,1826,4,Female,38,2,2,Research Scientist,1,Married,6341,16009,1,Y,No,11,3,3,80,0,6,3,3,2,1,6,0
31,No,Travel_Frequently,1162,Research & Development,1,2,Medical,1,987,3,Male,67,2,2,Research Scientist,3,Single,5442,15689,0,Y,Yes,18,3,4,80,0,38,4,3,10,8,0,2
27,No,Non-Travel,521,Research & Development,24,4,Life Sciences,1,362,3,Male,32,3,2,Sales Executive,2,Married,6363,16842,1,Y,Yes,23,4,4,80,1,37,3,4,3,6,8,2
40,No,Travel_Frequently,809,Sales,7,3,Life Sciences,1,237,4,Female,84,2,1,Laboratory Technician,4,Divorced,4014,13666,7,Y,No,16,4,3,80,0,2,0,3,0,8,1,6
41,No,Travel_Rarely,1118,Research & Development,24,4,Life Sciences,1,1912,4,Female,69,3,2,Human Resources,4,Married,1999,18632,4,Y,No,11,3,4,80,1,21,2,2,8,2,0,2
51,No,Travel_Frequently,908,Research & Development,24,3,Life Sciences,1,434,4,Male,74,1,2,Research Scientist,2,Divorced,11625,4712,8,Y,No,19,3,3,80,0,20,2,2,3,3,0,2
24,No,Travel_Rarely,1042,Research & Development,3,3,Life Sciences,1,1747,3,Female,39,3,1,Sales Representative,1,Married,3462,23766,6,Y,No,11,3,1,80,1,16,2,3,37,1,7,5
44,No,Travel_Frequently,740,Sales,1,5,Life Sciences,1,438,3,Male,83,2,1,Research Scientist,4,Married,2583,12946,1,Y,Yes,11,4,2,80,1,11,3,2,13,0,0,8
42,No,Travel_Rarely,798,Research & Development,4,3,Technical Degree,1,1847,4,Male,34,2,4,Manager,1,Married,19069,23380,8,Y,Yes,13,3,4,80,1,9,3,3,19,10,5,1
31,Yes,Travel_Rarely,421,Research & Development,8,3,Life Sciences,1,1616,4,Male,71,3,2,Manufacturing Director,3,Single,5622,15725,1,Y,Yes,14,4,2,80,1,10,2,3,5,7,2,4
42,No,Travel_Rarely,1370,Sales,8,1,Life Sciences,1,35,1,Female,68,3,2,Research Scientist,4,Married,6036,12886,0,Y,Yes,13,3,3,80,0,32,4,3,7,1,0,7
40,No,Travel_Rarely,1002,Research & Development,5,4,Life Sciences,1,1135,3,Male,82,2,2,Laboratory Technician,1,Single,4718,5768,0,Y,No,12,3,1,80,0,7,4,3,0,4,11,2
45,No,Travel_Rarely,719,Sales,6,3,Life Sciences,1,557,2,Female,96,2,1,Research Scientist,4,Married,3287,17966,3,Y,No,14,3,1,80,0,33,2,3,0,5,0,3
39,No,Non-Travel,1499,Sales,4,3,Life Sciences,1,183,2,Female,54,3,4,Laboratory Technician,4,Single,4306,16121,1,Y,No,20,3,4,80,0,25,2,3,11,1,0,7
25,No,Travel_Frequently,1058,Research & Development,1,4,Life Sciences,1,944,4,Female,66,2,2,Manager,3,Married,13150,6041,1,Y,No,21,3,3,80,0,7,3,3,3,3,7,2
38,No,Travel_Rarely,941,Research & Development,6,4,Medical,1,1305,4,Female,91,3,2,Healthcare Representative,3,Single,17683,18485,3,Y,No,23,3,4,80,0,3,0,1,2,1,1,0
36,Yes,Non-Travel,536,Sales,8,3,Marketing,1,1073,3,Female,57,3,4,Research Scientist,3,Single,3352,23427,1,Y,Yes,17,3,2,80,1,12,6,2,7,6,0,3
40,No,Travel_Rarely,488,Research & Development,5,4,Life Sciences,1,1355,2,Female,34,3,1,Healthcare Representative,4,Married,4356,2094,7,Y,No,14,3,3,80,0,5,3,2,0,2,0,2
49,No,Travel_Rarely,1300,Research & Development,8,1,Medical,1,1395,4,Male,97,3,1,Research Director,3,Divorced,7558,25906,1,Y,No,11,3,4,80,3,13,2,3,11,2,0,9
36,No,Travel_Rarely,985,Sales,5,4,Life Sciences,1,1923,3,Male,68,2,1,Manager,1,Single,4714,6691,1,Y,No,13,3,3,80,0,20,5,3,11,9,3,6
27,No,Non-Travel,512,Sales,8,2,Medical,1,1091,2,Female,89,3,1,Human Resources,1,Married,7068,8108,6,Y,No,14,3,3,80,0,6,3,3,9,2,0,2
36,No,Travel_Rarely,488,Research & Development,27,3,Medical,1,412,4,Male,73,3,1,Manufacturing Director,3,Divorced,5074,7828,0,Y,No,12,3,4,80,0,12,2,3,25,7,8,1
20,Yes,Non-Travel,1061,Research & Development,1,1,Marketing,1,1554,2,Female,44,3,1,Research Scientist,1,Married,8167,5626,9,Y,Yes,12,3,1,80,2,12,5,3,7,0,1,0
53,No,Travel_Frequently,829,Sales,23,4,Life Sciences,1,254,3,Male,45,3,2,Healthcare Representative,3,Married,1009,20354,8,Y,No,21,3,3,80,0,8,4,3,6,0,0,0
34,No,Travel_Frequently,102,Research & Development,6,4,Medical,1,1292,4,Female,70,3,3,Sales Executive,3,Married,3435,9577,1,Y,No,11,3,3,80,1,17,2,3,3,2,0,15
44,No,Travel_Rarely,1304,Sales,2,3,Life Sciences,1,439,1,Female,86,3,1,Research Scientist,4,Married,6988,24393,1,Y,No,18,3,4,80,0,28,3,1,4,8,0,8
36,No,Non-Travel,447,Research & Development,2,1,Life Sciences,1,1598,1,Female,96,3,2,Research Scientist,3,Married,14012,26858,1,Y,No,11,3,1,80,1,4,4,4,4,0,0,2
48,No,Travel_Rarely,562,Research & Development,3,3,Life Sciences,1,1579,4,Male,79,3,1,Sales Representative,4,Married,3061,24066,3,Y,No,17,3,1,80,1,20,2,2,3,8,0,1
50,Yes,Travel_Rarely,640,Research & Development,10,3,Life Sciences,1,936,2,Male,90,2,2,Sales Executive,3,Single,5346,5929,4,Y,Yes,25,4,4,80,0,13,2,4,4,1,1,7
45,Yes,Travel_Frequently,229,Human Resources,2,3,Life Sciences,1,1358,4,Female,66,2,3,Manager,3,Single,10044,18774,8,Y,Yes,20,3,3,80,0,7,2,3,1,7,0,8
44,No,Travel_Rarely,1381,Research & Development,2,3,Medical,1,1527,3,Female,42,2,1,Sales Executive,3,Married,6003,25825,0,Y,No,12,3,3,80,0,10,2,2,3,6,2,0
36,No,Travel_Rarely,1334,Sales,10,2,Life Sciences,1,268,1,Female,39,3,4,Research Scientist,4,Married,2985,3253,4,Y,No,22,3,4,80,1,6,5,2,12,0,1,0
36,No,Travel_Rarely,370,Research & Development,29,4,Technical Degree,1,645,2,Female,81,3,2,Manufacturing Director,1,Married,4684,14564,0,Y,No,18,3,4,80,0,8,2,2,1,1,0,7
27,No,Travel_Rarely,140,Research & Development,4,1,Other,1,705,4,Male,35,1,2,Human Resources,2,Married,19830,9847,3,Y,No,21,3,3,80,0,7,0,4,7,3,4,0
46,No,Travel_Rarely,1111,Research & Development,14,3,Technical Degree,1,1313,1,Female,57,3,4,Research Scientist,4,Divorced,9503,21599,8,Y,No,19,4,4,80,0,12,3,2,20,7,0,8
27,No,Travel_Rarely,558,Research & Development,7,2,Life Sciences,1,946,4,Male,55,2,1,Laboratory Technician,1,Single,13298,15754,4,Y,No,17,3,3,80,0,11,3,3,2,2,1,3
45,Yes,Travel_Rarely,1063,Research & Development,12,5,Marketing,1,1996,3,Female,48,4,3,Manufacturing Director,3,Single,2793,14555,1,Y,Yes,20,3,2,80,1,3,3,2,17,2,2,2
43,No,Travel_Rarely,359,Sales,2,3,Technical Degree,1,1243,3,Male,53,3,1,Manufacturing Director,4,Married,3990,6758,6,Y,No,12,3,3,80,1,2,4,3,14,12,1,5
35,No,Travel_Frequently,202,Research & Development,18,3,Technical Degree,1,2068,4,Male,75,3,3,Manufacturing Director,2,Single,5811,19511,1,Y,No,20,3,3,80,0,17,5,4,8,6,0,3
39,No,Travel_Rarely,1233,Research & Development,7,4,Marketing,1,387,4,Male,79,2,1,Sales Representative,4,Single,7108,12847,4,Y,No,24,3,3,80,1,6,1,2,18,0,1,2
34,No,Non-Travel,215,Research & Development,1,2,Life Sciences,1,1395,4,Female,87,3,1,Laboratory Technician,4,Single,3895,8303,7,Y,No,22,4,4,80,1,20,1,3,6,3,5,3
38,No,Travel_Rarely,647,Research & Development,8,2,Medical,1,782,1,Male,52,3,1,Healthcare Representative,4,Married,9803,23857,1,Y,No,11,3,3,80,0,6,6,3,11,7,1,6
40,No,Travel_Rarely,271,Research & Development,17,4,Life Sciences,1,56,2,Male,54,3,2,Manager,4,Divorced,2001,10095,4,Y,No,14,3,3,80,1,7,4,4,9,10,5,1
27,Yes,Travel_Rarely,1331,Research & Development,7,4,Life Sciences,1,946,2,Female,86,3,3,Research Scientist,1,Divorced,4339,22480,3,Y,Yes,18,3,3,80,1,12,3,2,2,5,0,2
47,No,Travel_Rarely,1217,Research & Development,14,4,Technical Degree,1,64,2,Male,90,3,3,Healthcare Representative,4,Single,12701,21307,5,Y,No,23,3,4,80,0,6,6,3,8,8,0,2
26,No,Travel_Rarely,524,Sales,11,3,Life Sciences,1,1187,1,Male,51,3,2,Sales Executive,3,Married,6323,22325,0,Y,No,12,4,1,80,0,8,1,3,2,0,2,3
35,No,Travel_Rarely,931,Research & Development,21,4,Marketing,1,253,2,Female,45,3,4,Human Resources,4,Married,15770,20008,0,Y,No,23,3,3,80,1,0,5,4,1,7,10,1
35,No,Travel_Frequently,471,Research & Development,2,4,Life Sciences,1,1,4,Male,70,2,2,Laboratory Technician,1,Married,2626,15010,1,Y,No,12,3,1,80,0,11,2,3,4,8,2,10
34,No,Travel_Rarely,614,Sales,4,4,Technical Degree,1,456,4,Female,87,3,5,Human Resources,2,Single,5229,14821,0,Y,No,16,3,4,80,1,10,3,3,6,1,4,6
34,No,Travel_Rarely,1446,Research & Development,18,4,Technical Degree,1,1238,4,Male,50,1,4,Healthcare Representative,4,Divorced,5394,8657,9,Y,No,11,3,3,80,3,8,2,3,6,7,9,0
27,No,Travel_Frequently,729,Sales,2,3,Life Sciences,1,885,4,Male,59,3,1,Laboratory Technician,2,Single,5943,26613,5,Y,No,17,3,1,80,2,21,6,3,3,6,1,0
28,No,Travel_Rarely,1441,Sales,2,1,Medical,1,491,3,Female,47,2,1,Laboratory Technician,2,Married,5702,21238,1,Y,No,11,3,4,80,0,12,3,3,3,5,2,0
34,No,Travel_Rarely,240,Sales,2,3,Marketing,1,629,4,Female,59,3,1,Sales Executive,3,Divorced,5901,2094,1,Y,No,14,3,4,80,1,8,5,3,15,3,0,4
35,No,Travel_Rarely,1225,Research & Development,4,4,Life Sciences,1,937,4,Male,35,3,3,Manufacturing Director,4,Married,6674,24391,1,Y,No,15,3,3,80,1,9,2,3,0,3,2,2
41,No,Travel_Rarely,1434,Research & Development,3,3,Medical,1,398,3,Male,95,2,2,Sales Executive,2,Single,10476,2094,5,Y,No,14,3,3,80,1,21,2,3,4,4,1,1
29,No,Travel_Rarely,1192,Research & Development,29,3,Life Sciences,1,1838,4,Male,35,3,1,Laboratory Technician,3,Married,3560,14247,1,Y,No,13,3,4,80,1,15,0,3,2,2,1,4
49,No,Travel_Rarely,629,Sales,29,4,Technical Degree,1,2054,3,Female,89,3,4,Laboratory Technician,2,Married,1947,10886,1,Y,No,22,4,3,80,1,4,5,2,14,0,1,3
19,Yes,Non-Travel,401,Human Resources,29,5,Life Sciences,1,200,3,Male,67,3,2,Manufacturing Director,3,Single,3188,5874,3,Y,Yes,12,4,1,80,1,15,4,3,0,1,3,2
55,No,Travel_Frequently,889,Sales,2,1,Medical,1,1816,1,Male,96,3,4,Laboratory Technician,4,Married,6971,9857,1,Y,No,13,3,2,80,0,4,2,2,7,12,11,3
33,No,Travel_Rarely,497,Research & Development,5,3,Life Sciences,1,1743,4,Male,91,2,2,Research Scientist,3,Married,5146,12227,2,Y,No,14,3,1,80,1,12,6,2,14,3,0,2
34,No,Travel_Frequently,749,Research & Development,6,1,Medical,1,1793,4,Female,88,2,2,Manufacturing Director,4,Single,1547,11584,0,Y,No,19,3,1,80,0,6,5,3,7,7,0,8
25,No,Travel_Rarely,1403,Research & Development,2,4,Life Sciences,1,677,3,Female,83,2,2,Sales Representative,1,Single,1009,17570,4,Y,No,14,3,3,80,0,15,0,3,1,2,0,7
28,No,Travel_Frequently,510,Research & Development,23,3,Medical,1,927,4,Male,60,2,1,Manufacturing Director,1,Married,5416,4116,1,Y,No,13,3,2,80,1,1,2,3,4,4,0,2
33,No,Travel_Rarely,212,Sales,3,3,Technical Degree,1,1090,3,Female,52,4,1,Laboratory Technician,4,Divorced,18116,10375,1,Y,Yes,13,3,4,80,0,5,5,2,0,2,11,9
35,No,Travel_Rarely,1111,Research & Development,2,1,Other,1,1405,3,Male,70,2,1,Manufacturing Director,4,Single,4350,18602,2,Y,No,14,3,4,80,1,12,6,3,6,0,1,3
49,Yes,Travel_Rarely,905,Sales,2,1,Medical,1,463,1,Male,38,3,2,Healthcare Representative,3,Divorced,8285,11652,2,Y,Yes,17,3,4,80,0,1,3,2,6,1,9,4
41,No,Travel_Rarely,1261,Research & Development,2,2,Medical,1,848,2,Male,82,3,2,Research Scientist,3,Single,11093,18354,1,Y,No,24,3,4,80,0,6,3,3,3,3,1,2
34,Yes,Travel_Rarely,694,Research & Development,22,3,Life Sciences,1,1300,2,Male,46,2,4,Healthcare Representative,1,Single,2737,22515,1,Y,No,18,4,4,80,1,3,2,1,7,11,0,3
21,No,Travel_Rarely,281,Research & Development,20,2,Life Sciences,1,1814,1,Male,80,3,2,Sales Executive,1,Married,2366,6890,3,Y,No,18,3,2,80,0,8,2,4,3,7,0,10
49,No,Travel_Rarely,270,Sales,16,4,Other,1,728,4,Male,99,3,2,Manufacturing Director,4,Married,18422,18755,7,Y,Yes,14,3,4,80,0,7,0,3,1,2,0,2
34,No,Travel_Rarely,672,Research & Development,4,3,Life Sciences,1,1294,1,Female,55,2,1,Sales Representative,4,Married,7682,6626,2,Y,No,12,3,4,80,1,32,5,2,5,3,2,0
42,No,Travel_Rarely,330,Research & Development,3,4,Other,1,1664,3,Male,45,3,1,Laboratory Technician,3,Married,5616,20649,1,Y,Yes,22,3,3,80,2,18,5,1,8,3,0,2
34,No,Non-Travel,491,Research & Development,5,4,Technical Degree,1,1826,4,Male,86,3,3,Laboratory Technician,4,Married,4040,4478,1,Y,No,11,4,3,80,0,5,3,3,13,4,0,1
45,Yes,Travel_Rarely,1224,Research & Development,3,4,Medical,1,1515,2,Male,82,3,1,Sales Executive,4,Single,1066,2342,1,Y,Yes,23,3,3,80,3,0,2,3,5,1,1,7
35,Yes,Travel_Rarely,1211,Sales,2,2,Technical Degree,1,1767,2,Male,84,2,1,Healthcare Representative,2,Divorced,3051,5701,2,Y,Yes,14,3,4,80,1,12,5,2,5,0,4,1
55,No,Travel_Rarely,830,Sales,5,1,Life Sciences,1,136,1,Female,39,2,4,Research Scientist,1,Single,10501,21355,5,Y,No,17,3,3,80,0,7,3,3,1,3,0,3
29,No,Travel_Rarely,434,Sales,1,3,Human Resources,1,951,4,Male,100,2,2,Sales Executive,2,Single,9309,17246,9,Y,No,18,3,2,80,1,7,3,4,18,6,1,1
43,No,Travel_Frequently,102,Sales,1,2,Medical,1,82,3,Male,91,2,2,Laboratory Technician,3,Married,9769,25605,1,Y,No,12,3,4,80,1,12,2,4,0,0,2,0
29,No,Travel_Rarely,955,Research & Development,1,3,Life Sciences,1,1723,4,Male,93,3,3,Sales Executive,2,Divorced,17058,26881,1,Y,No,14,3,2,80,1,6,3,2,2,3,0,2
24,No,Travel_Rarely,739,Sales,3,3,Marketing,1,1,3,Female,30,3,1,Sales Executive,1,Married,6694,10948,1,Y,No,13,3,2,80,1,26,3,2,15,2,0,4
22,No,Travel_Rarely,480,Research & Development,20,3,Life Sciences,1,1721,4,Female,100,4,1,Manufacturing Director,2,Divorced,1869,21676,5,Y,No,16,3,4,80,0,14,2,3,8,3,0,0
51,Yes,Travel_Frequently,1181,Sales,9,4,Life Sciences,1,1530,3,Male,66,3,1,Healthcare Representative,4,Divorced,3900,20434,0,Y,Yes,19,3,1,80,0,0,0,2,3,6,0,2
21,No,Travel_Rarely,194,Human Resources,28,2,Life Sciences,1,1389,2,Female,72,3,2,Research Scientist,2,Divorced,4738,17666,1,Y,No,12,3,4,80,0,10,3,3,5,6,1,8
26,No,Travel_Rarely,619,Research & Development,11,4,Medical,1,213,3,Female,97,2,2,Manufacturing Director,2,Single,4177,15392,3,Y,No,19,4,4,80,0,9,2,3,8,3,0,7
35,Yes,Travel_Rarely,821,Research & Development,17,3,Medical,1,129,1,Male,39,3,4,Research Scientist,2,Married,2577,22830,0,Y,Yes,11,3,3,80,0,20,0,3,5,8,3,8
26,No,Travel_Rarely,921,Research & Development,10,3,Life Sciences,1,761,2,Male,74,3,1,Laboratory Technician,2,Divorced,2401,17695,8,Y,No,16,3,1,80,0,0,6,3,1,6,2,7
33,No,Travel_Rarely,323,Research & Development,3,3,Life Sciences,1,333,1,Male,65,1,2,Research Scientist,3,Divorced,4739,10498,6,Y,No,16,3,4,80,1,5,4,4,5,2,0,3
37,No,Travel_Rarely,1092,Research & Development,6,3,Technical Degree,1,736,3,Female,100,3,1,Sales Executive,1,Married,2622,15704,1,Y,No,23,3,3,80,1,25,2,4,14,0,1,8
22,Yes,Non-Travel,631,Research & Development,15,3,Life Sciences,1,1374,2,Male,35,2,2,Sales Executive,1,Single,1635,3699,0,Y,Yes,11,3,3,80,1,9,3,3,4,6,0,10
27,No,Non-Travel,1260,Research & Development,19,2,Life Sciences,1,1370,2,Male,79,3,2,Research Director,3,Married,1765,6435,2,Y,No,15,3,2,80,3,5,3,2,8,5,11,8
46,No,Travel_Rarely,637,Sales,9,3,Technical Degree,1,2005,4,Female,49,2,2,Research Director,3,Single,3870,3255,2,Y,No,14,4,1,80,1,3,3,4,1,9,0,2
27,No,Travel_Rarely,947,Research & Development,5,4,Life Sciences,1,233,3,Female,76,3,2,Sales Executive,3,Single,7633,11286,1,Y,No,19,3,1,80,1,6,2,2,4,0,5,8
20,Yes,Travel_Rarely,995,Research & Development,15,3,Marketing,1,951,1,Male,72,3,5,Sales Executive,4,Single,3928,24060,0,Y,Yes,18,3,2,80,0,13,4,4,20,3,0,8
52,No,Travel_Rarely,1061,Research & Development,9,1,Technical Degree,1,1278,1,Male,72,3,1,Manufacturing Director,3,Single,3408,8069,6,Y,No,16,3,3,80,1,3,3,2,1,5,6,1
33,Yes,Travel_Frequently,601,Research & Development,17,3,Technical Degree,1,1563,1,Male,96,2,1,Sales Representative,1,Divorced,2739,12263,8,Y,No,13,3,4,80,0,11,2,2,2,2,0,7
32,No,Travel_Rarely,279,Research & Development,18,3,Life Sciences,1,1620,4,Male,61,3,2,Sales Executive,2,Divorced,7822,5902,3,Y,No,17,3,3,80,0,6,2,3,6,10,0,4
36,No,Travel_Frequently,973,Human Resources,10,3,Medical,1,695,2,Female,92,3,1,Sales Executive,4,Married,3264,21076,6,Y,No,13,4,1,80,0,9,3,1,32,2,0,0
38,No,Travel_Rarely,1225,Research & Development,29,2,Life Sciences,1,1602,4,Female,76,1,2,Laboratory Technician,4,Married,7082,24578,1,Y,Yes,12,3,4,80,2,11,6,3,8,8,0,1
35,No,Travel_Rarely,1380,Research & Development,8,2,Medical,1,246,4,Male,86,2,2,Sales Executive,3,Divorced,19342,11925,1,Y,Yes,11,3,4,80,0,10,1,2,0,8,0,1
25,No,Travel_Frequently,669,Research & Development,1,2,Life Sciences,1,641,4,Female,68,3,1,Sales Executive,1,Divorced,16572,24441,1,Y,No,17,3,2,80,0,10,6,4,1,9,0,0
37,No,Travel_Rarely,1336,Sales,14,3,Technical Degree,1,875,3,Male,42,3,2,Research Director,1,Married,19897,2527,2,Y,No,16,3,1,80,0,14,3,1,9,1,1,1
40,No,Non-Travel,971,Research & Development,8,4,Life Sciences,1,1,4,Female,94,3,2,Research Director,1,Married,4420,2094,4,Y,No,11,4,3,80,0,11,3,3,8,2,0,9
34,No,Travel_Frequently,1329,Research & Development,17,2,Medical,1,1138,1,Male,100,3,1,Manager,3,Married,3246,23748,4,Y,No,15,3,3,80,0,5,3,2,11,2,1,7
31,No,Travel_Rarely,582,Research & Development,6,3,Life Sciences,1,703,3,Female,78,2,2,Laboratory Technician,2,Married,6520,2094,2,Y,Yes,12,3,4,80,2,10,2,3,5,2,7,1
27,No,Travel_Frequently,592,Research & Development,8,2,Medical,1,348,1,Male,55,4,1,Sales Executive,4,Single,8217,16433,4,Y,No,13,3,1,80,2,4,5,3,10,7,1,6
31,No,Non-Travel,703,Research & Development,16,3,Marketing,1,1283,1,Male,67,2,5,Laboratory Technician,1,Married,7205,13740,1,Y,No,13,3,3,80,0,0,4,3,8,2,0,3
29,No,Travel_Frequently,1396,Research & Development,1,3,Medical,1,1420,3,Male,37,4,1,Manufacturing Director,3,Divorced,1499,25064,6,Y,No,11,3,4,80,1,14,3,3,9,3,1,0
20,No,Travel_Rarely,1022,Sales,26,3,Medical,1,829,2,Female,52,2,1,Healthcare Representative,3,Single,7763,19878,1,Y,No,11,3,4,80,1,14,2,2,10,0,5,7
42,No,Travel_Rarely,1086,Sales,15,4,Life Sciences,1,1145,4,Male,94,3,2,Manufacturing Director,2,Single,2358,3241,7,Y,No,14,3,3,80,0,9,2,3,8,0,0,7
46,No,Travel_Rarely,1112,Research & Development,8,5,Medical,1,825,4,Male,56,3,2,Research Scientist,1,Single,13387,21598,0,Y,No,18,3,1,80,1,7,1,2,5,5,0,4
35,No,Non-Travel,194,Research & Development,7,2,Other,1,1319,3,Male,44,3,1,Sales Representative,1,Single,19999,17854,2,Y,No,20,3,3,80,1,24,5,1,2,0,1,2
27,No,Travel_Rarely,600,Research & Development,1,3,Marketing,1,552,1,Female,53,3,5,Healthcare Representative,4,Single,7255,22477,2,Y,No,14,3,3,80,1,11,2,2,6,0,0,6
43,No,Travel_Frequently,568,Research & Development,1,2,Medical,1,1230,4,Female,30,3,3,Laboratory Technician,2,Married,4465,6464,4,Y,No,23,3,3,80,1,16,3,2,5,14,0,0
29,No,Travel_Rarely,1283,Research & Development,22,3,Life Sciences,1,94,3,Female,85,3,2,Manufacturing Director,1,Married,4670,22928,2,Y,No,14,3,1,80,0,6,3,3,17,8,0,1
41,No,Travel_Rarely,1327,Research & Development,9,2,Medical,1,1147,4,Female,56,3,4,Sales Representative,3,Single,19312,22998,3,Y,No,14,3,3,80,1,9,2,3,4,5,0,14
46,No,Travel_Rarely,685,Sales,10,2,Medical,1,56,1,Female,63,2,2,Laboratory Technician,1,Divorced,13245,18682,4,Y,No,18,3,4,80,0,1,2,2,1,7,2,3
34,No,Travel_Rarely,1060,Sales,11,3,Medical,1,1692,3,Male,88,3,2,Laboratory Technician,2,Single,9317,24818,0,Y,No,12,3,1,80,1,15,3,3,3,0,1,1
29,No,Travel_Rarely,941,Research & Development,26,3,Technical Degree,1,472,1,Male,39,2,3,Laboratory Technician,2,Divorced,6104,2094,1,Y,No,15,4,2,80,2,17,2,3,6,5,0,3
53,No,Travel_Rarely,1402,Sales,13,3,Life Sciences,1,1751,2,Male,47,3,2,Healthcare Representative,3,Married,4308,24311,9,Y,No,13,3,3,80,0,13,2,2,9,3,8,4
51,No,Travel_Rarely,672,Research & Development,1,2,Marketing,1,291,2,Female,85,2,2,Laboratory Technician,3,Single,2730,26317,9,Y,No,17,3,3,80,1,21,3,4,2,3,0,8
38,No,Non-Travel,102,Research & Development,7,4,Technical Degree,1,1911,4,Female,100,3,1,Research Scientist,1,Single,2563,2119,1,Y,No,13,4,2,80,0,7,2,3,20,2,1,4
34,No,Travel_Rarely,1301,Research & Development,1,4,Life Sciences,1,290,2,Female,72,3,1,Sales Executive,3,Single,3489,23809,0,Y,No,13,3,3,80,1,10,2,4,1,10,2,3
29,No,Non-Travel,1146,Research & Development,9,4,Medical,1,133,4,Male,55,4,5,Sales Executive,4,Single,17719,5773,3,Y,No,19,3,4,80,1,10,1,3,5,2,10,1
18,No,Travel_Frequently,1068,Sales,1,1,Life Sciences,1,170,4,Male,45,3,3,Human Resources,3,Married,7024,26802,1,Y,Yes,14,3,3,80,0,6,3,2,8,0,3,6
37,Yes,Travel_Rarely,426,Sales,10,3,Life Sciences,1,1902,3,Male,77,3,3,Manufacturing Director,3,Single,3812,8630,1,Y,Yes,21,3,4,80,0,26,6,3,1,2,0,8
30,No,Travel_Rarely,1316,Research & Development,6,4,Life Sciences,1,426,4,Male,57,4,1,Research Director,4,Married,4521,12595,6,Y,Yes,12,3,4,80,0,3,6,2,10,0,12,3
53,No,Travel_Rarely,1096,Research & Development,14,1,Life Sciences,1,1649,4,Female,59,3,3,Manufacturing Director,3,Divorced,3628,20416,5,Y,No,14,3,2,80,0,15,3,3,0,0,4,7
36,No,Travel_Rarely,582,Research & Development,4,4,Life Sciences,1,937,4,Female,38,2,5,Manager,4,Married,1992,22693,1,Y,Yes,12,3,3,80,3,9,2,3,8,1,2,8
28,No,Travel_Rarely,946,Human Resources,9,3,Life Sciences,1,1,3,Female,81,2,1,Manufacturing Director,3,Married,6237,6814,1,Y,No,13,3,4,80,1,27,3,3,9,8,0,0
32,No,Travel_Rarely,432,Sales,7,1,Technical Degree,1,1084,1,Female,56,3,2,Sales Executive,2,Married,5806,15921,1,Y,No,11,3,3,80,1,19,2,3,3,6,0,1
25,No,Travel_Rarely,1029,Research & Development,3,4,Medical,1,1712,4,Female,43,3,3,Manager,3,Married,11505,4179,0,Y,No,12,4,4,80,1,26,3,3,6,3,4,7
27,No,Travel_Rarely,793,Research & Development,4,3,Life Sciences,1,1838,4,Female,80,4,2,Laboratory Technician,4,Divorced,19738,9207,4,Y,No,19,3,4,80,2,4,4,1,5,2,15,1
34,No,Travel_Rarely,1149,Research & Development,8,3,Life Sciences,1,1955,3,Male,100,3,2,Sales Executive,3,Married,5074,4526,8,Y,No,12,3,4,80,1,18,3,3,23,2,0,3
44,No,Travel_Frequently,1399,Research & Development,3,1,Medical,1,1988,4,Male,60,3,1,Laboratory Technician,3,Married,1711,22867,1,Y,No,14,3,2,80,1,11,3,3,7,10,1,7
27,No,Travel_Frequently,1243,Sales,6,5,Life Sciences,1,1504,3,Male,81,3,1,Laboratory Technician,3,Single,7251,18269,5,Y,No,12,3,4,80,0,14,2,3,13,1,1,8
41,No,Travel_Rarely,584,Research & Development,4,4,Life Sciences,1,1613,3,Male,69,3,1,Research Scientist,3,Married,1740,16135,2,Y,No,16,3,4,80,3,4,5,3,22,0,11,7
26,No,Travel_Rarely,1161,Sales,4,4,Medical,1,1664,1,Male,94,3,1,Research Scientist,3,Single,10002,11532,0,Y,Yes,16,3,3,80,1,14,5,4,7,0,2,10
36,No,Non-Travel,1399,Research & Development,2,1,Technical Degree,1,636,4,Male,37,2,2,Sales Executive,4,Single,5766,26999,2,Y,No,12,3,1,80,0,23,2,3,1,5,0,7
45,No,Travel_Rarely,615,Research & Development,10,4,Life Sciences,1,845,1,Male,90,3,5,Research Scientist,4,Married,2465,11218,4,Y,No,12,3,4,80,0,3,3,3,4,1,0,1
55,Yes,Travel_Rarely,1186,Research & Development,24,3,Marketing,1,930,4,Male,32,2,1,Research Scientist,4,Married,4054,16057,1,Y,Yes,16,4,4,80,0,5,4,3,2,0,0,0
24,No,Travel_Rarely,1140,Sales,24,4,Medical,1,175,2,Female,30,3,4,Research Scientist,4,Divorced,6181,9977,2,Y,No,23,3,3,80,0,4,3,3,2,0,0,2
34,No,Travel_Rarely,530,Research & Development,7,4,Other,1,734,2,Male,77,2,3,Sales Executive,2,Married,3799,18181,7,Y,No,18,3,4,80,1,5,3,3,18,9,0,1
29,No,Travel_Rarely,762,Research & Development,13,4,Marketing,1,1453,4,Male,42,3,2,Laboratory Technician,3,Single,6187,22564,4,Y,No,16,3,3,80,0,13,3,4,7,6,0,1
32,No,Non-Travel,938,Research & Development,4,3,Medical,1,284,3,Female,81,3,4,Research Scientist,3,Single,3348,22766,3,Y,No,12,3,1,80,1,5,2,2,2,8,4,9
43,No,Travel_Rarely,1140,Research & Development,4,4,Life Sciences,1,358,4,Male,54,3,1,Sales Representative,2,Married,4080,5562,1,Y,Yes,15,3,1,80,1,22,3,3,8,10,0,2
47,No,Travel_Rarely,316,Research & Development,4,5,Medical,1,1616,1,Male,81,2,2,Healthcare Representative,4,Married,3591,22534,2,Y,No,14,4,3,80,0,5,3,3,6,3,0,4
40,Yes,Travel_Rarely,948,Sales,23,1,Medical,1,1117,1,Male,85,3,3,Laboratory Technician,3,Single,16919,14322,5,Y,Yes,17,4,4,80,0,16,1,2,6,3,1,6
41,Yes,Travel_Rarely,1432,Research & Development,3,2,Technical Degree,1,1606,1,Female,95,2,2,Research Scientist,4,Single,3050,4253,7,Y,Yes,11,4,1,80,2,9,3,3,9,9,1,7
35,No,Travel_Rarely,370,Research & Development,18,4,Technical Degree,1,1629,3,Male,57,3,2,Laboratory Technician,3,Divorced,2928,18892,1,Y,No,18,3,4,80,1,10,3,4,14,0,1,2
43,No,Travel_Rarely,1432,Research & Development,5,1,Life Sciences,1,337,4,Male,92,3,1,Laboratory Technician,2,Divorced,14275,4120,1,Y,Yes,22,4,1,80,1,4,3,3,15,1,11,7
34,No,Travel_Rarely,997,Research & Development,2,4,Life Sciences,1,1579,3,Female,42,2,2,Research Director,1,Divorced,4595,12592,3,Y,No,17,3,3,80,0,8,2,4,8,7,1,4
19,No,Travel_Rarely,340,Human Resources,11,4,Medical,1,36,4,Male,97,2,1,Research Scientist,3,Single,9937,16346,1,Y,No,18,3,4,80,1,8,3,2,5,3,0,8
40,No,Travel_Rarely,921,Research & Development,5,2,Medical,1,1046,3,Male,39,3,2,Sales Executive,4,Married,8411,17747,3,Y,No,13,3,1,80,1,1,2,4,5,0,1,2
58,No,Non-Travel,935,Research & Development,2,2,Life Sciences,1,331,3,Male,44,2,3,Sales Executive,2,Married,4666,21773,4,Y,No,13,3,2,80,0,24,4,3,5,14,1,3
33,No,Travel_Rarely,562,Sales,8,4,Life Sciences,1,735,4,Female,79,3,1,Healthcare Representative,3,Single,3640,19368,8,Y,No,21,3,3,80,1,23,5,3,5,2,1,7
33,No,Travel_Rarely,1421,Research & Development,2,4,Life Sciences,1,1604,4,Male,93,3,2,Manufacturing Director,3,Single,10556,13240,1,Y,No,14,3,4,80,1,30,2,3,7,7,1,4
46,No,Travel_Rarely,321,Research & Development,29,4,Life Sciences,1,297,4,Male,51,2,2,Research Scientist,3,Divorced,3696,17673,1,Y,No,13,4,3,80,3,7,3,2,5,0,15,3
44,No,Travel_Rarely,102,Sales,4,4,Medical,1,1270,4,Male,33,3,2,Sales Representative,2,Married,5277,4497,5,Y,No,19,3,4,80,0,13,3,3,8,6,13,6
32,No,Travel_Rarely,1364,Sales,10,4,Life Sciences,1,663,1,Male,98,3,2,Laboratory Technician,1,Married,5887,19615,4,Y,No,13,3,1,80,1,4,5,4,4,1,2,4
28,Yes,Travel_Frequently,688,Research & Development,1,1,Life Sciences,1,1736,4,Female,54,3,2,Laboratory Technician,2,Single,4150,21403,2,Y,Yes,13,3,3,80,0,4,1,4,7,8,2,3
37,No,Travel_Rarely,1178,Research & Development,5,4,Marketing,1,1774,3,Female,50,3,1,Manufacturing Director,2,Married,2828,9115,9,Y,No,14,3,3,80,1,8,3,2,3,2,0,1
46,No,Travel_Rarely,1442,Research & Development,22,3,Life Sciences,1,1774,4,Male,75,2,4,Laboratory Technician,3,Single,4096,11196,2,Y,Yes,17,3,3,80,0,31,4,4,4,5,0,1
28,Yes,Travel_Rarely,1182,Research & Development,8,2,Marketing,1,1804,3,Male,58,2,2,Manufacturing Director,3,Single,4987,8189,0,Y,Yes,11,3,3,80,1,7,2,2,0,0,1,1
25,No,Travel_Rarely,452,Human Resources,1,1,Technical Degree,1,57,4,Male,48,2,1,Human Resources,3,Married,13244,18993,1,Y,No,17,3,2,80,0,24,2,4,9,4,2,2
30,Yes,Travel_Rarely,434,Sales,19,3,Life Sciences,1,885,2,Female,43,4,1,Sales Executive,3,Divorced,3133,23730,3,Y,Yes,13,3,1,80,0,17,3,3,1,1,0,7
46,No,Travel_Rarely,561,Human Resources,7,4,Medical,1,2037,2,Male,60,4,2,Sales Executive,1,Divorced,4437,20630,1,Y,No,15,3,2,80,1,8,2,3,8,7,6,0
44,No,Travel_Rarely,1148,Sales,20,2,Life Sciences,1,1124,3,Male,40,3,2,Research Director,4,Married,11365,10914,1,Y,No,11,3,4,80,0,6,5,3,4,3,4,7
33,Yes,Travel_Rarely,1361,Research & Development,22,3,Medical,1,1774,1,Male,48,3,2,Research Scientist,3,Divorced,9390,5340,1,Y,Yes,20,3,3,80,0,19,2,3,1,4,0,2
26,No,Travel_Rarely,1055,Research & Development,2,3,Medical,1,1262,3,Male,94,3,1,Sales Executive,4,Divorced,5289,13438,6,Y,No,17,3,2,80,3,4,5,3,6,0,1,9
41,No,Travel_Rarely,1153,Human Resources,25,3,Other,1,572,4,Male,85,3,1,Manufacturing Director,1,Married,1632,15494,6,Y,No,17,3,1,80,0,25,2,3,25,1,1,3
28,No,Travel_Rarely,993,Research & Development,20,3,Life Sciences,1,992,2,Female,91,3,4,Research Scientist,3,Married,8845,23666,4,Y,No,12,3,3,80,1,6,2,3,5,8,0,14
51,No,Travel_Rarely,663,Research & Development,6,2,Medical,1,261,4,Male,100,3,2,Research Director,2,Married,5553,13912,2,Y,No,14,3,3,80,2,0,3,3,8,15,0,2
32,No,Travel_Rarely,833,Research & Development,8,2,Medical,1,1465,2,Male,55,3,1,Human Resources,1,Single,8442,23741,3,Y,No,11,3,2,80,0,9,2,3,6,0,0,1
53,Yes,Travel_Rarely,283,Research & Development,25,2,Life Sciences,1,1019,1,Male,83,3,1,Research Scientist,3,Single,7895,4347,2,Y,Yes,13,3,2,80,0,9,5,2,1,3,7,4
25,No,Non-Travel,1166,Sales,1,4,Marketing,1,1108,4,Female,40,3,2,Manufacturing Director,1,Divorced,17275,23036,0,Y,No,13,3,3,80,0,33,2,3,22,0,1,7
33,No,Travel_Frequently,1365,Research & Development,1,4,Medical,1,1672,3,Male,71,3,2,Sales Executive,2,Married,8230,24779,1,Y,No,14,3,2,80,1,3,2,3,5,5,6,4
29,No,Travel_Rarely,102,Research & Development,4,3,Life Sciences,1,159,2,Male,73,4,2,Manufacturing Director,4,Married,4031,6151,0,Y,No,15,4,3,80,1,6,3,2,2,2,5,0
37,No,Travel_Frequently,370,Research & Development,9,2,Life Sciences,1,720,3,Female,92,3,3,Sales Executive,4,Married,2364,15689,9,Y,No,12,3,2,80,0,17,3,3,9,12,4,0
36,No,Travel_Rarely,1420,Research & Development,10,3,Marketing,1,1005,2,Female,51,3,1,Sales Executive,3,Single,3909,3807,4,Y,No,15,3,4,80,0,7,0,3,0,8,2,4
33,Yes,Travel_Rarely,572,Sales,2,2,Life Sciences,1,301,2,Male,62,2,1,Sales Representative,3,Single,2156,3208,4,Y,Yes,12,3,3,80,1,12,0,3,3,0,7,1
19,No,Travel_Frequently,1256,Research & Development,1,2,Technical Degree,1,886,2,Male,84,3,1,Laboratory Technician,1,Single,19999,10835,5,Y,No,12,3,4,80,2,12,2,3,8,1,2,4
43,No,Travel_Rarely,455,Research & Development,11,4,Marketing,1,1922,3,Female,60,2,2,Research Scientist,3,Divorced,16668,13300,1,Y,No,11,3,2,80,1,10,2,2,0,0,0,1
33,No,Non-Travel,569,Research & Development,3,4,Medical,1,1149,3,Male,41,3,1,Manufacturing Director,3,Divorced,1746,12174,1,Y,No,13,3,3,80,0,10,4,3,4,7,6,2
41,No,Travel_Rarely,650,Sales,9,5,Life Sciences,1,192,4,Male,94,3,1,Sales Executive,2,Divorced,9104,4972,2,Y,Yes,14,3,1,80,0,8,3,3,1,2,1,4
45,No,Travel_Rarely,442,Research & Development,21,3,Medical,1,1074,1,Female,58,3,4,Research Scientist,2,Married,8710,14648,4,Y,No,15,3,2,80,2,22,4,3,5,12,8,8
29,No,Travel_Rarely,124,Research & Development,3,1,Medical,1,1766,4,Female,88,4,2,Sales Executive,4,Married,19999,2148,0,Y,No,15,3,1,80,2,2,3,2,9,3,1,1
28,No,Travel_Rarely,1315,Research & Development,1,4,Marketing,1,1434,4,Female,84,3,1,Sales Executive,4,Divorced,8846,22100,5,Y,No,17,3,2,80,0,5,4,1,7,1,3,0
28,No,Travel_Rarely,995,Research & Development,7,3,Medical,1,1342,2,Female,30,3,2,Research Scientist,2,Divorced,2335,20906,1,Y,No,12,3,2,80,0,16,3,2,8,0,1,7
32,No,Travel_Rarely,859,Sales,10,3,Marketing,1,1761,2,Female,62,2,1,Laboratory Technician,2,Married,6320,20580,0,Y,No,12,3,4,80,1,7,4,3,19,7,0,3
52,No,Travel_Rarely,1335,Research & Development,23,1,Marketing,1,1508,4,Male,63,3,2,Healthcare Representative,4,Single,7657,10718,1,Y,No,15,3,3,80,2,9,2,3,4,3,0,9
34,No,Travel_Frequently,539,Research & Development,11,4,Life Sciences,1,1988,2,Female,97,3,1,Manufacturing Director,2,Married,17257,23481,1,Y,Yes,13,3,2,80,1,11,2,2,9,2,0,6
41,No,Travel_Rarely,1108,Sales,5,1,Life Sciences,1,1948,1,Male,95,2,2,Sales Executive,3,Divorced,5455,5996,3,Y,No,17,3,3,80,1,7,1,2,12,8,1,7
49,No,Travel_Rarely,567,Research & Development,8,1,Other,1,684,3,Male,45,2,2,Research Scientist,3,Married,2898,12182,1,Y,Yes,20,3,3,80,0,28,3,2,5,2,14,3
36,No,Travel_Rarely,250,Research & Development,16,3,Life Sciences,1,1343,3,Female,88,3,1,Research Scientist,3,Divorced,18949,19990,8,Y,No,14,3,2,80,2,3,0,3,9,8,0,2
49,No,Travel_Rarely,596,Research & Development,14,3,Medical,1,1801,2,Female,67,3,2,Sales Executive,4,Divorced,5723,19066,2,Y,No,25,3,4,80,1,8,4,3,5,1,1,8
33,No,Travel_Frequently,1017,Sales,11,4,Medical,1,892,1,Female,70,2,1,Sales Executive,4,Married,17470,20174,1,Y,No,14,3,3,80,3,5,3,3,3,2,0,13
31,Yes,Travel_Frequently,1102,Sales,12,1,Technical Degree,1,1505,2,Male,86,3,1,Human Resources,1,Single,2106,9344,0,Y,Yes,11,3,2,80,0,5,2,3,17,3,0,0
37,No,Travel_Rarely,1375,Research & Development,4,3,Marketing,1,1302,3,Male,90,2,2,Research Scientist,4,Single,5755,9550,5,Y,No,19,3,3,80,0,5,2,2,7,10,0,0
37,Yes,Travel_Rarely,1320,Research & Development,26,3,Human Resources,1,60,3,Male,48,3,1,Laboratory Technician,3,Divorced,4785,4253,1,Y,Yes,20,3,4,80,0,5,2,3,0,0,1,2
60,No,Travel_Rarely,272,Research & Development,10,2,Medical,1,1782,1,Female,76,2,1,Healthcare Representative,3,Married,19013,13208,1,Y,Yes,16,3,3,80,3,7,3,3,4,15,1,3
41,No,Travel_Rarely,1104,Sales,4,1,Life Sciences,1,1730,3,Male,71,3,1,Sales Representative,3,Divorced,3413,8165,4,Y,Yes,14,3,4,80,1,14,5,3,1,0,0,6
30,No,Travel_Rarely,953,Research & Development,10,2,Human Resources,1,1649,4,Male,93,2,2,Research Scientist,2,Married,2805,14928,0,Y,No,18,3,2,80,2,5,3,2,13,1,2,7
29,No,Travel_Rarely,1460,Sales,22,3,Other,1,1455,2,Male,41,3,2,Sales Executive,3,Married,5090,8724,1,Y,No,14,3,4,80,0,19,2,2,5,9,6,2
23,No,Travel_Rarely,512,Research & Development,7,4,Other,1,374,1,Female,62,2,2,Laboratory Technician,1,Married,17047,11478,3,Y,Yes,16,3,4,80,1,19,0,3,8,11,1,4
51,No,Travel_Rarely,1095,Research & Development,1,2,Life Sciences,1,180,2,Female,57,3,1,Manager,2,Married,6346,24336,3,Y,No,16,3,3,80,0,30,2,3,19,9,9,3
38,No,Travel_Rarely,1435,Research & Development,5,3,Technical Degree,1,1365,4,Female,30,3,1,Manufacturing Director,3,Single,19143,21433,0,Y,No,13,3,3,80,0,12,3,3,11,2,0,7
49,Yes,Travel_Rarely,667,Research & Development,24,2,Technical Degree,1,973,4,Male,96,2,1,Research Scientist,4,Single,5293,26999,0,Y,Yes,19,3,3,80,1,26,2,1,2,0,0,3
31,No,Travel_Rarely,1345,Sales,2,1,Medical,1,1237,2,Male,35,3,1,Healthcare Representative,3,Married,6250,15265,1,Y,No,17,3,3,80,1,1,2,3,7,7,1,8
33,Yes,Travel_Rarely,610,Research & Development,4,4,Life Sciences,1,1220,4,Male,46,3,1,Laboratory Technician,1,Married,4997,24783,4,Y,Yes,16,3,1,80,0,12,5,3,12,9,0,7
38,No,Travel_Rarely,1036,Research & Development,7,2,Technical Degree,1,641,3,Male,54,3,1,Sales Executive,3,Married,18938,24238,3,Y,No,15,3,1,80,2,9,2,3,1,5,1,1
32,No,Travel_Rarely,1285,Research & Development,1,3,Life Sciences,1,1303,1,Female,58,3,1,Research Scientist,1,Single,4658,19970,1,Y,No,13,3,1,80,0,8,2,3,7,0,1,0
35,Yes,Travel_Rarely,1441,Sales,9,3,Technical Degree,1,1102,1,Male,89,3,2,Sales Executive,4,Married,2467,7613,2,Y,Yes,12,3,4,80,0,8,4,3,3,0,0,4
32,No,Travel_Rarely,372,Research & Development,3,3,Marketing,1,2058,3,Male,43,2,2,Sales Executive,2,Divorced,6773,22662,1,Y,No,16,3,3,80,0,3,1,3,14,9,0,3
43,No,Travel_Rarely,406,Research & Development,6,4,Medical,1,1049,1,Male,72,3,2,Healthcare Representative,4,Married,2615,5114,1,Y,No,12,3,4,80,1,18,4,3,5,13,14,0
36,Yes,Travel_Rarely,186,Research & Development,9,3,Marketing,1,1525,4,Male,41,3,2,Manager,2,Single,3621,6369,1,Y,Yes,16,3,1,80,1,10,2,3,6,1,1,2
24,No,Travel_Rarely,772,Research & Development,8,1,Other,1,248,4,Female,39,3,1,Sales Executive,3,Divorced,3199,26421,4,Y,No,11,3,4,80,0,17,3,4,7,6,5,7
24,No,Travel_Rarely,843,Research & Development,6,4,Marketing,1,1549,3,Female,67,3,2,Sales Representative,3,Divorced,2690,22829,1,Y,No,13,3,3,80,1,5,3,4,2,0,7,1
52,No,Travel_Rarely,367,Research & Development,10,3,Marketing,1,180,4,Male,67,3,2,Laboratory Technician,1,Single,19999,10639,0,Y,No,18,3,4,80,1,24,2,3,7,2,8,7
53,No,Travel_Frequently,954,Sales,16,3,Marketing,1,973,3,Female,50,3,1,Sales Executive,2,Married,6222,8579,3,Y,No,11,3,3,80,0,0,2,3,4,8,2,2
28,No,Travel_Rarely,759,Research & Development,7,5,Life Sciences,1,1223,4,Male,62,4,1,Research Scientist,2,Single,5333,20038,6,Y,No,21,3,4,80,2,10,3,3,3,7,0,3
37,No,Travel_Rarely,350,Research & Development,2,4,Medical,1,1014,1,Female,56,1,5,Research Scientist,2,Married,6736,22314,3,Y,No,18,3,4,80,0,28,1,2,12,0,0,3
29,No,Non-Travel,664,Research & Development,4,3,Medical,1,187,1,Male,92,3,2,Research Director,4,Married,3379,24676,7,Y,No,15,3,3,80,0,9,5,3,5,7,1,7
55,No,Travel_Rarely,1361,Research & Development,19,4,Life Sciences,1,543,2,Female,71,3,1,Manager,3,Single,18672,18376,1,Y,No,11,4,4,80,0,7,2,3,0,3,7,7
47,No,Travel_Rarely,1098,Research & Development,10,3,Life Sciences,1,1227,2,Male,85,3,3,Sales Executive,4,Married,11488,4726,1,Y,Yes,21,3,3,80,1,0,3,2,19,4,0,6
37,Yes,Travel_Rarely,1008,Sales,24,1,Marketing,1,1827,4,Female,79,3,1,Manufacturing Director,1,Divorced,1009,24507,6,Y,Yes,14,3,4,80,1,10,2,3,4,9,0,9
49,No,Travel_Rarely,1354,Research & Development,19,3,Life Sciences,1,707,4,Female,41,3,1,Manager,3,Married,9922,3008,1,Y,No,15,3,4,80,0,5,3,3,11,4,6,1
53,No,Travel_Rarely,789,Research & Development,8,1,Medical,1,1700,4,Male,30,1,4,Sales Representative,3,Married,4265,26999,6,Y,Yes,19,4,2,80,0,9,2,4,14,9,1,0
39,No,Travel_Rarely,1117,Research & Development,1,3,Medical,1,1665,4,Male,60,1,1,Manufacturing Director,3,Married,10856,8017,3,Y,Yes,13,3,3,80,3,33,2,2,3,0,0,8
40,Yes,Travel_Rarely,590,Sales,26,3,Life Sciences,1,788,2,Male,89,3,1,Sales Representative,3,Single,9972,24868,0,Y,Yes,11,3,4,80,2,4,2,3,10,4,0,16
22,No,Non-Travel,205,Research & Development,8,2,Life Sciences,1,520,4,Male,50,2,1,Research Scientist,3,Married,2777,5414,4,Y,Yes,20,3,3,80,0,34,1,2,8,7,3,3
32,No,Travel_Rarely,202,Research & Development,20,4,Medical,1,1875,2,Female,39,3,1,Research Scientist,3,Married,4851,24564,3,Y,No,14,3,1,80,2,25,5,3,9,3,0,0
33,Yes,Travel_Frequently,341,Research & Development,13,2,Medical,1,1903,3,Male,59,3,3,Manufacturing Director,1,Married,1009,16290,1,Y,Yes,12,3,2,80,0,4,4,2,11,8,0,3
31,No,Travel_Rarely,525,Research & Development,3,3,Medical,1,1110,3,Female,32,3,3,Healthcare Representative,2,Single,9933,21638,2,Y,No,16,3,2,80,1,18,3,4,7,7,1,0
38,No,Travel_Rarely,848,Research & Development,21,1,Life Sciences,1,1502,1,Female,70,3,4,Sales Executive,4,Married,3330,10525,1,Y,No,20,3,4,80,0,6,3,3,5,8,7,8
32,No,Travel_Rarely,237,Research & Development,1,2,Marketing,1,759,3,Male,45,4,1,Sales Executive,4,Married,2891,22217,1,Y,Yes,13,3,3,80,1,4,4,3,0,6,12,7
34,No,Travel_Rarely,1005,Research & Development,12,2,Technical Degree,1,1332,2,Male,48,4,1,Research Scientist,2,Married,2027,8679,1,Y,No,15,3,2,80,1,3,6,3,0,0,7,17
41,No,Travel_Rarely,943,Research & Development,3,3,Life Sciences,1,1380,4,Male,49,3,1,Healthcare Representative,3,Married,1391,15242,2,Y,No,13,3,3,80,0,11,3,3,12,8,0,8
46,No,Non-Travel,667,Research & Development,20,1,Medical,1,282,4,Female,46,3,2,Manager,4,Married,13834,23223,4,Y,No,19,3,4,80,0,15,2,3,0,2,2,7
39,No,Travel_Rarely,253,Sales,7,3,Medical,1,435,1,Male,31,3,2,Laboratory Technician,4,Married,3016,7548,2,Y,No,12,3,4,80,1,21,2,3,0,3,11,11
39,No,Travel_Frequently,439,Human Resources,7,3,Life Sciences,1,1756,3,Female,62,3,1,Manufacturing Director,1,Divorced,6964,6779,1,Y,No,22,3,4,80,1,7,3,3,16,12,1,1
33,No,Non-Travel,457,Research & Development,15,1,Medical,1,1944,3,Male,97,3,2,Manufacturing Director,1,Divorced,6532,18216,1,Y,No,13,3,3,80,0,5,3,3,15,0,1,1
39,Yes,Travel_Rarely,945,Research & Development,7,4,Marketing,1,1653,4,Male,86,4,1,Laboratory Technician,1,Divorced,1626,11289,1,Y,Yes,14,3,1,80,1,15,3,3,3,2,7,11
30,No,Travel_Rarely,975,Research & Development,8,1,Medical,1,1905,3,Male,36,2,1,Sales Executive,3,Divorced,4206,25751,1,Y,No,18,3,4,80,0,8,2,2,9,1,0,1
60,No,Travel_Rarely,539,Research & Development,1,2,Life Sciences,1,1153,4,Male,57,2,2,Research Scientist,4,Single,9454,23415,1,Y,Yes,21,3,4,80,0,5,0,3,11,5,0,2
50,No,Travel_Rarely,768,Research & Development,27,4,Human Resources,1,788,2,Male,97,1,4,Sales Executive,1,Married,2474,10141,3,Y,No,12,3,2,80,3,25,2,3,7,0,2,7
23,No,Non-Travel,1029,Research & Development,4,3,Life Sciences,1,938,1,Female,85,3,2,Manufacturing Director,3,Married,5648,15017,1,Y,No,21,3,1,80,1,0,5,3,4,3,0,4
26,No,Travel_Frequently,746,Research & Development,1,3,Other,1,830,3,Female,48,3,1,Sales Executive,4,Married,19557,18297,0,Y,No,12,4,2,80,1,6,3,3,18,2,1,2
28,No,Travel_Rarely,634,Research & Development,10,1,Life Sciences,1,1116,2,Female,48,4,1,Human Resources,4,Married,4549,2221,6,Y,Yes,20,3,4,80,0,16,4,4,9,0,1,0
32,No,Travel_Rarely,1234,Sales,7,3,Life Sciences,1,1338,4,Male,62,2,2,Sales Executive,2,Single,6894,16484,3,Y,No,13,3,3,80,0,13,2,3,9,1,2,7
41,No,Travel_Rarely,138,Sales,1,2,Medical,1,1705,3,Male,55,3,3,Sales Executive,2,Married,1453,23572,2,Y,No,11,3,3,80,2,3,2,3,6,5,1,2
26,No,Travel_Frequently,1160,Research & Development,1,2,Medical,1,1,3,Male,64,3,2,Healthcare Representative,3,Married,5509,24560,3,Y,Yes,14,3,4,80,1,27,0,2,4,4,8,0
36,Yes,Travel_Rarely,536,Research & Development,2,2,Medical,1,1599,2,Male,64,3,2,Laboratory Technician,4,Single,3634,6331,8,Y,Yes,18,3,3,80,0,4,3,3,1,6,1,0
34,No,Travel_Rarely,663,Human Resources,5,4,Life Sciences,1,1964,4,Male,83,3,3,Research Scientist,4,Married,2050,20955,1,Y,No,19,3,2,80,1,0,3,1,6,8,1,7
31,No,Non-Travel,105,Research & Development,9,3,Life Sciences,1,1688,4,Female,72,3,5,Sales Executive,3,Single,2618,8748,1,Y,No,13,3,4,80,0,2,3,3,4,4,8,6
48,No,Travel_Rarely,1175,Research & Development,24,2,Life Sciences,1,1680,4,Female,73,4,1,Sales Representative,4,Single,8548,16371,2,Y,No,13,3,2,80,1,4,2,3,4,8,2,10
32,Yes,Travel_Rarely,680,Sales,13,5,Technical Degree,1,299,1,Male,66,2,2,Laboratory Technician,4,Married,5973,17769,4,Y,Yes,16,4,2,80,1,13,2,3,0,8,2,2
38,No,Travel_Rarely,1343,Research & Development,24,2,Medical,1,1268,3,Male,85,4,2,Manager,4,Married,4434,19152,0,Y,Yes,14,3,4,80,0,9,5,3,21,1,1,0
32,Yes,Travel_Rarely,476,Research & Development,29,2,Marketing,1,834,1,Male,58,3,5,Research Scientist,1,Single,3999,15559,2,Y,No,12,3,2,80,1,0,1,3,0,2,1,0
50,No,Travel_Rarely,314,Sales,15,3,Marketing,1,255,2,Male,32,4,2,Healthcare Representative,2,Married,12826,22896,1,Y,No,13,3,1,80,1,22,1,2,4,0,2,3
42,No,Travel_Rarely,1488,Sales,6,3,Life Sciences,1,865,3,Male,30,2,2,Sales Representative,1,Single,11247,8521,9,Y,No,15,3,2,80,1,9,3,3,6,1,0,0
38,No,Travel_Rarely,1460,Sales,1,3,Life Sciences,1,1655,4,Male,81,3,5,Manufacturing Director,4,Married,1009,11604,1,Y,Yes,16,4,3,80,1,13,2,4,29,8,3,3
27,No,Travel_Rarely,915,Research & Development,2,3,Marketing,1,1231,3,Male,87,2,2,Research Scientist,3,Married,18958,19995,1,Y,No,15,3,4,80,2,7,4,4,1,4,2,10
33,No,Travel_Frequently,1363,Sales,9,3,Life Sciences,1,529,3,Female,57,3,1,Laboratory Technician,3,Married,7881,5582,2,Y,No,14,3,4,80,0,4,3,4,9,2,4,4
31,No,Travel_Rarely,679,Research & Development,2,4,Marketing,1,486,1,Female,31,3,2,Research Scientist,3,Single,2830,6733,7,Y,No,21,3,3,80,1,6,3,1,8,2,1,0
38,No,Travel_Rarely,1087,Research & Development,26,1,Technical Degree,1,415,3,Male,77,3,2,Manager,2,Married,1288,22241,1,Y,No,14,3,2,80,0,7,2,3,1,2,11,1
31,Yes,Non-Travel,883,Research & Development,10,4,Life Sciences,1,1663,3,Female,76,3,3,Human Resources,3,Single,9737,23534,6,Y,Yes,11,3,1,80,1,23,3,2,4,0,1,1
52,No,Travel_Rarely,1312,Research & Development,2,1,Life Sciences,1,980,3,Female,86,3,1,Manager,3,Single,1952,15895,1,Y,No,14,4,3,80,0,23,2,3,5,6,2,3
38,No,Travel_Frequently,267,Human Resources,16,3,Medical,1,512,4,Male,53,4,1,Sales Executive,1,Single,5303,2556,4,Y,Yes,11,4,3,80,2,30,4,3,7,4,4,6
44,No,Travel_Rarely,1396,Sales,10,1,Life Sciences,1,82,4,Male,88,3,2,Laboratory Technician,2,Married,3875,23687,2,Y,No,19,3,3,80,1,12,2,4,3,2,1,3
27,No,Non-Travel,319,Research & Development,1,2,Life Sciences,1,1162,4,Male,100,2,4,Research Director,1,Married,9838,17307,1,Y,Yes,11,3,2,80,2,25,2,3,10,3,1,4
26,No,Non-Travel,774,Sales,1,3,Medical,1,1073,4,Male,45,3,1,Research Scientist,3,Married,6764,12761,4,Y,Yes,20,3,2,80,1,10,2,2,4,6,1,10
31,Yes,Non-Travel,1262,Research & Development,18,3,Life Sciences,1,1611,3,Female,48,1,2,Research Director,3,Divorced,3954,2094,5,Y,Yes,16,4,4,80,0,9,2,3,4,1,1,8
35,No,Travel_Rarely,1150,Research & Development,12,3,Medical,1,1438,2,Female,84,3,1,Sales Executive,4,Married,6989,17434,3,Y,No,21,3,1,80,0,5,5,3,7,6,2,3
23,No,Travel_Rarely,246,Research & Development,2,3,Technical Degree,1,494,3,Female,36,2,1,Research Scientist,2,Married,3292,17639,7,Y,No,18,4,4,80,0,17,3,3,1,0,1,4
48,No,Travel_Rarely,702,Research & Development,4,2,Medical,1,1847,4,Female,99,3,4,Research Scientist,4,Single,4959,16857,4,Y,No,14,3,2,80,2,7,2,3,0,6,5,2
43,No,Travel_Rarely,294,Research & Development,10,3,Technical Degree,1,409,2,Male,74,3,1,Laboratory Technician,3,Divorced,18939,2210,7,Y,No,11,3,3,80,1,8,2,3,1,1,2,2
44,No,Non-Travel,907,Research & Development,12,3,Life Sciences,1,102,2,Female,93,3,2,Laboratory Technician,4,Married,3471,10504,0,Y,No,14,3,2,80,1,12,4,3,5,9,4,7
31,No,Travel_Rarely,1210,Research & Development,23,2,Life Sciences,1,467,3,Male,70,3,2,Sales Representative,2,Married,6320,21722,1,Y,No,13,3,3,80,0,6,3,2,7,9,0,3
39,No,Travel_Rarely,505,Research & Development,13,2,Life Sciences,1,1528,1,Female,87,2,1,Laboratory Technician,3,Married,6973,25294,4,Y,No,11,3,2,80,0,30,4,2,22,0,7,8
39,No,Travel_Frequently,905,Human Resources,4,3,Marketing,1,89,4,Female,46,3,1,Laboratory Technician,4,Divorced,3842,6506,2,Y,Yes,17,3,3,80,1,16,3,3,5,0,12,0
48,No,Travel_Rarely,1026,Research & Development,18,2,Life Sciences,1,223,2,Male,76,2,4,Manufacturing Director,1,Married,5041,25637,0,Y,No,14,3,4,80,0,5,6,3,2,9,1,1
24,Yes,Travel_Rarely,1273,Research & Development,27,4,Life Sciences,1,1407,3,Female,82,2,1,Research Scientist,1,Divorced,1543,7283,8,Y,No,18,3,3,80,1,2,0,3,2,0,2,7
36,No,Travel_Rarely,1077,Research & Development,2,4,Medical,1,32,2,Female,94,3,1,Laboratory Technician,3,Married,3724,20629,0,Y,No,22,3,4,80,0,9,3,3,6,1,0,4
38,No,Travel_Rarely,544,Research & Development,11,2,Marketing,1,909,4,Female,68,3,1,Manufacturing Director,1,Single,1009,24859,4,Y,No,15,3,3,80,1,8,5,3,7,9,1,5
37,No,Travel_Rarely,518,Research & Development,2,4,Life Sciences,1,32,4,Male,94,2,3,Research Scientist,3,Married,5977,10790,4,Y,No,13,4,2,80,1,4,2,2,0,0,1,1
32,No,Travel_Rarely,579,Research & Development,12,2,Life Sciences,1,1995,2,Female,92,3,5,Laboratory Technician,4,Single,5797,14745,4,Y,No,12,3,3,80,1,5,2,2,5,1,5,9
29,No,Travel_Rarely,902,Research & Development,7,4,Medical,1,1259,2,Male,30,3,1,Sales Representative,4,Married,1610,19026,9,Y,No,12,4,1,80,0,17,3,2,6,7,11,1
49,No,Travel_Rarely,1301,Research & Development,11,3,Marketing,1,1747,4,Female,45,3,3,Sales Executive,3,Divorced,5560,20762,0,Y,Yes,14,3,1,80,0,5,3,2,11,2,1,9
51,No,Travel_Frequently,675,Sales,8,2,Marketing,1,967,3,Male,49,3,3,Healthcare Representative,2,Single,6068,17896,4,Y,No,11,3,3,80,0,7,3,2,23,7,0,0
19,No,Travel_Rarely,1377,Research & Development,3,4,Medical,1,1129,4,Female,90,4,3,Healthcare Representative,4,Married,2804,17960,0,Y,Yes,11,3,4,80,1,9,5,3,3,0,1,7
26,Yes,Travel_Rarely,238,Research & Development,25,2,Life Sciences,1,1974,2,Male,35,4,5,Laboratory Technician,2,Single,9591,23639,0,Y,Yes,13,3,3,80,1,9,4,4,11,1,4,1
43,No,Travel_Frequently,746,Human Resources,7,1,Life Sciences,1,1571,4,Male,46,3,2,Sales Representative,4,Divorced,12678,26669,8,Y,No,21,3,1,80,1,13,3,3,0,6,5,3
39,No,Travel_Rarely,102,Research & Development,4,3,Medical,1,1401,1,Male,37,3,1,Sales Executive,2,Divorced,10654,2094,4,Y,No,12,3,4,80,0,11,2,2,0,7,0,0
50,No,Travel_Rarely,805,Research & Development,17,4,Technical Degree,1,179,2,Male,57,2,1,Sales Representative,4,Divorced,1952,5753,3,Y,No,18,3,2,80,2,20,3,3,22,0,0,6
35,No,Travel_Rarely,325,Sales,2,3,Technical Degree,1,1435,4,Female,76,3,1,Human Resources,3,Divorced,3581,5062,1,Y,No,13,3,2,80,0,10,3,3,0,2,1,7
30,No,Travel_Rarely,153,Sales,5,2,Life Sciences,1,1347,4,Male,100,3,2,Manager,2,Single,5585,14169,2,Y,No,18,3,2,80,0,11,3,3,13,4,0,0
43,No,Travel_Rarely,169,Sales,6,1,Life Sciences,1,2068,3,Male,79,3,1,Sales Executive,4,Married,18147,5620,1,Y,No,13,3,4,80,1,34,0,4,6,1,1,8
44,No,Travel_Frequently,567,Sales,7,4,Life Sciences,1,735,4,Male,65,3,1,Laboratory Technician,3,Single,10189,19067,2,Y,Yes,17,3,2,80,0,19,4,3,5,11,2,8
45,No,Travel_Frequently,1340,Sales,1,4,Life Sciences,1,1106,3,Male,86,2,1,Healthcare Representative,3,Married,3163,25888,3,Y,No,24,3,3,80,0,15,3,3,2,2,0,1
31,No,Travel_Rarely,799,Sales,22,4,Life Sciences,1,1355,3,Female,45,3,2,Research Scientist,1,Single,8093,22398,2,Y,No,11,3,3,80,2,2,4,3,12,7,3,7
49,Yes,Non-Travel,1270,Research & Development,11,2,Life Sciences,1,1849,4,Female,49,1,1,Sales Representative,3,Divorced,3693,15470,0,Y,Yes,14,3,4,80,0,13,3,3,0,14,0,0
56,No,Travel_Frequently,572,Research & Development,6,4,Other,1,994,4,Female,79,3,3,Laboratory Technician,4,Single,3589,18944,7,Y,No,17,4,4,80,0,8,2,1,3,3,0,0
29,No,Travel_Rarely,1073,Research & Development,2,3,Medical,1,1449,4,Male,72,2,5,Sales Executive,3,Single,7108,16286,1,Y,No,11,4,3,80,0,0,5,3,17,5,1,10
40,No,Travel_Rarely,1499,Research & Development,5,3,Human Resources,1,1399,4,Male,65,2,2,Research Scientist,2,Divorced,16690,4786,1,Y,No,12,4,3,80,1,15,3,2,19,4,0,1
60,No,Travel_Rarely,574,Research & Development,9,4,Life Sciences,1,1288,4,Male,40,3,5,Laboratory Technician,4,Single,2994,3781,1,Y,No,18,4,2,80,1,11,3,3,12,4,11,6
33,Yes,Travel_Rarely,595,Research & Development,8,4,Medical,1,987,1,Female,35,1,1,Laboratory Technician,1,Single,3453,24043,1,Y,No,15,3,4,80,0,8,2,3,3,14,0,1
44,No,Travel_Frequently,1351,Research & Development,15,4,Medical,1,465,1,Male,88,3,3,Manufacturing Director,4,Married,5213,4001,1,Y,No,21,3,3,80,0,10,1,3,5,9,0,10
34,No,Travel_Rarely,998,Research & Development,27,3,Medical,1,1088,2,Male,46,2,1,Sales Executive,2,Married,1732,18811,7,Y,No,15,4,3,80,0,6,6,4,7,6,0,6
28,No,Travel_Frequently,1197,Research & Development,2,2,Medical,1,1160,3,Female,78,3,2,Human Resources,2,Married,4646,19046,3,Y,No,13,4,2,80,1,33,2,3,5,3,0,7
37,No,Travel_Rarely,741,Research & Development,11,3,Life Sciences,1,1604,4,Female,79,1,2,Research Scientist,2,Single,1009,5471,6,Y,No,19,3,2,80,1,24,5,3,2,0,0,4
60,No,Travel_Rarely,1163,Research & Development,3,3,Medical,1,2043,4,Female,73,3,3,Sales Executive,4,Single,9446,24852,0,Y,No,12,4,3,80,3,1,2,3,5,2,0,0
24,No,Travel_Rarely,1315,Sales,17,1,Life Sciences,1,1445,3,Male,42,3,1,Laboratory Technician,4,Married,8827,5285,1,Y,No,14,3,3,80,1,10,3,2,4,0,2,2
26,No,Travel_Frequently,414,Research & Development,27,3,Life Sciences,1,137,3,Male,46,4,2,Manufacturing Director,2,Married,4491,24710,1,Y,No,13,3,3,80,0,11,2,3,5,7,1,3
51,No,Travel_Rarely,514,Research & Development,4,1,Medical,1,1755,2,Male,70,3,1,Laboratory Technician,1,Married,1476,21031,4,Y,No,18,4,3,80,0,15,1,3,0,7,0,7
27,No,Travel_Rarely,950,Research & Development,21,4,Life Sciences,1,454,4,Male,58,4,4,Laboratory Technician,1,Married,2951,8179,0,Y,No,12,3,2,80,2,19,3,3,6,7,13,2
49,No,Travel_Frequently,816,Sales,2,4,Human Resources,1,1063,3,Male,43,1,2,Sales Executive,4,Married,1844,4663,8,Y,Yes,14,3,4,80,1,24,3,2,3,2,0,4
41,Yes,Travel_Rarely,1408,Research & Development,1,5,Technical Degree,1,21,1,Male,85,1,2,Research Director,3,Married,6371,5072,0,Y,Yes,15,3,2,80,2,5,3,3,2,1,1,4
32,No,Travel_Rarely,229,Research & Development,3,4,Medical,1,921,2,Male,89,3,4,Laboratory Technician,1,Single,5137,22294,2,Y,No,19,3,2,80,1,5,3,3,4,1,0,3
34,Yes,Travel_Rarely,648,Research & Development,1,3,Life Sciences,1,1393,2,Male,85,1,1,Research Scientist,1,Divorced,2421,20396,0,Y,Yes,16,3,3,80,1,15,3,3,7,6,0,3
35,No,Travel_Rarely,684,Research & Development,12,2,Life Sciences,1,2049,3,Male,78,2,1,Laboratory Technician,4,Divorced,2031,18616,1,Y,No,16,3,3,80,1,9,2,2,12,1,9,8
30,No,Travel_Rarely,403,Research & Development,29,4,Medical,1,1861,3,Male,35,3,1,Manager,1,Divorced,9941,2850,4,Y,No,15,3,4,80,3,2,1,4,3,6,1,9
56,No,Travel_Rarely,586,Sales,1,4,Medical,1,1452,3,Male,51,4,5,Sales Executive,4,Married,2086,6484,8,Y,No,11,3,4,80,1,8,2,3,39,0,0,4
31,No,Travel_Rarely,638,Research & Development,4,1,Life Sciences,1,1034,3,Male,83,3,1,Manufacturing Director,4,Married,4851,5357,3,Y,No,14,3,2,80,1,9,3,3,7,2,1,0
41,No,Travel_Rarely,1310,Research & Development,2,1,Life Sciences,1,476,3,Male,53,2,1,Sales Executive,4,Divorced,3649,5000,8,Y,No,12,3,3,80,0,5,3,4,6,2,1,0
53,No,Travel_Rarely,465,Sales,2,4,Life Sciences,1,458,4,Male,69,3,4,Laboratory Technician,4,Divorced,7477,8701,8,Y,No,12,4,2,80,1,12,2,3,8,0,2,2
28,Yes,Travel_Rarely,1218,Research & Development,3,3,Medical,1,257,4,Male,97,1,1,Laboratory Technician,2,Married,3752,8231,6,Y,Yes,20,3,2,80,1,5,2,2,12,0,0,9
42,No,Travel_Frequently,578,Sales,2,2,Medical,1,643,2,Male,44,2,1,Sales Executive,1,Divorced,14502,11556,3,Y,No,14,3,4,80,1,5,2,3,2,9,2,2
39,No,Travel_Rarely,220,Research & Development,21,3,Life Sciences,1,1997,2,Female,79,3,3,Manufacturing Director,4,Married,16853,23150,9,Y,No,14,4,4,80,2,6,4,3,4,4,1,9
19,Yes,Travel_Rarely,1047,Research & Development,8,2,Marketing,1,1207,1,Female,63,3,1,Research Scientist,4,Married,5383,26999,1,Y,Yes,12,3,4,80,1,1,1,3,3,2,7,0
38,No,Travel_Rarely,244,Sales,20,4,Life Sciences,1,1971,4,Female,80,3,2,Manager,4,Single,9273,3963,1,Y,No,11,3,4,80,0,17,3,3,2,5,0,2
30,No,Travel_Frequently,686,Research & Development,4,2,Life Sciences,1,1829,4,Female,35,3,1,Healthcare Representative,3,Married,14607,6942,7,Y,Yes,15,3,1,80,3,6,1,3,8,2,1,4
29,No,Travel_Rarely,1374,Human Resources,5,3,Life Sciences,1,961,4,Male,87,3,1,Manager,3,Married,3513,7138,5,Y,No,13,3,2,80,3,11,3,3,3,0,6,3
43,No,Travel_Frequently,102,Sales,14,2,Life Sciences,1,789,3,Female,73,3,1,Human Resources,2,Married,19768,17573,1,Y,No,14,3,4,80,0,10,2,2,0,9,0,1
36,Yes,Travel_Frequently,317,Sales,28,3,Medical,1,1485,3,Male,98,2,2,Sales Executive,2,Married,14173,20791,5,Y,Yes,11,3,2,80,1,2,1,3,4,3,0,4
29,No,Travel_Rarely,152,Research & Development,1,3,Medical,1,727,3,Female,47,4,1,Research Scientist,1,Single,3715,10723,4,Y,No,11,3,1,80,0,10,3,3,16,6,0,2
34,No,Travel_Frequently,698,Human Resources,3,3,Marketing,1,772,4,Male,33,3,2,Research Scientist,2,Single,8699,8591,1,Y,No,14,3,1,80,0,9,2,2,0,1,0,2
37,No,Travel_Rarely,1317,Research & Development,1,3,Medical,1,1075,4,Female,46,4,1,Laboratory Technician,3,Single,18613,22245,1,Y,Yes,15,3,3,80,1,26,3,3,16,9,0,2
27,No,Travel_Rarely,864,Human Resources,1,3,Life Sciences,1,1601,2,Male,92,3,1,Laboratory Technician,3,Single,19119,16038,0,Y,No,18,4,3,80,1,10,4,4,7,1,0,2
34,No,Travel_Rarely,885,Human Resources,11,2,Medical,1,1912,4,Female,65,4,1,Manufacturing Director,1,Single,5311,17692,5,Y,No,15,3,3,80,1,3,5,3,7,1,3,8
30,No,Travel_Rarely,829,Research & Development,7,3,Life Sciences,1,1710,2,Female,61,4,3,Human Resources,2,Divorced,19052,26363,7,Y,No,11,3,4,80,1,10,4,3,5,5,2,3
35,No,Travel_Rarely,1393,Research & Development,7,3,Medical,1,824,2,Male,31,3,1,Manager,4,Married,5493,4099,1,Y,Yes,12,3,1,80,1,7,2,3,7,9,0,2
47,No,Travel_Rarely,1418,Research & Development,2,3,Life Sciences,1,82,4,Female,44,2,2,Research Director,4,Married,19715,25795,3,Y,No,11,3,2,80,1,14,1,3,21,2,0,8
58,No,Travel_Rarely,617,Research & Development,5,4,Marketing,1,1519,4,Male,98,2,1,Research Scientist,2,Married,9096,4880,8,Y,Yes,15,3,3,80,0,32,0,1,8,12,0,8
44,No,Travel_Rarely,1499,Research & Development,7,3,Technical Degree,1,1546,2,Female,45,3,1,Research Scientist,4,Single,13697,20221,7,Y,Yes,22,3,4,80,1,9,2,3,7,4,2,1
42,No,Travel_Rarely,1444,Sales,24,2,Life Sciences,1,1924,1,Male,70,2,2,Laboratory Technician,1,Married,4368,15272,2,Y,No,16,3,3,80,0,7,2,4,2,1,0,9
37,No,Travel_Frequently,491,Sales,10,5,Life Sciences,1,1031,4,Male,70,3,1,Research Scientist,4,Single,4055,12692,4,Y,No,22,3,3,80,1,5,2,2,2,0,1,2
29,Yes,Travel_Rarely,144,Research & Development,19,3,Marketing,1,1689,1,Male,36,1,2,Research Director,2,Married,4710,20859,2,Y,Yes,11,3,3,80,0,10,3,3,15,11,7,1
32,No,Travel_Rarely,1499,Research & Development,1,3,Medical,1,1662,1,Female,79,3,2,Research Scientist,2,Married,2465,21384,6,Y,No,20,4,2,80,1,10,3,2,2,0,0,7
44,No,Travel_Rarely,610,Sales,14,4,Medical,1,343,3,Female,89,3,2,Manufacturing Director,4,Married,16231,20841,1,Y,No,21,3,4,80,2,12,3,3,5,10,1,2
59,No,Non-Travel,852,Research & Development,26,3,Technical Degree,1,1358,4,Male,76,3,1,Healthcare Representative,3,Divorced,1445,20871,4,Y,No,18,3,1,80,1,26,4,3,2,0,0,1
31,No,Non-Travel,744,Research & Development,7,3,Life Sciences,1,277,3,Male,54,1,3,Sales Representative,2,Single,2784,3539,5,Y,No,14,3,3,80,1,10,3,1,3,9,4,7
32,No,Travel_Rarely,1150,Research & Development,14,1,Technical Degree,1,351,2,Male,53,2,2,Research Director,3,Married,3589,5480,2,Y,No,14,3,4,80,0,17,3,4,6,7,1,4
35,No,Travel_Frequently,766,Research & Development,25,1,Life Sciences,1,194,3,Male,33,2,1,Sales Executive,2,Married,2902,24912,1,Y,No,22,4,4,80,1,16,3,4,7,6,1,1
34,Yes,Travel_Frequently,423,Research & Development,7,5,Other,1,1584,1,Female,60,2,1,Laboratory Technician,3,Married,4366,19942,7,Y,Yes,19,3,1,80,1,17,5,3,8,3,0,10
34,No,Travel_Rarely,752,Research & Development,8,2,Life Sciences,1,894,3,Female,61,2,2,Sales Executive,3,Divorced,2593,25573,2,Y,No,14,4,4,80,1,12,3,2,8,8,0,1
29,No,Travel_Rarely,1216,Research & Development,7,4,Medical,1,1421,1,Female,44,3,2,Manager,1,Divorced,2581,10412,4,Y,No,13,3,2,80,1,6,3,3,14,2,1,2
28,No,Travel_Rarely,967,Research & Development,10,3,Technical Degree,1,1578,3,Female,33,1,1,Research Scientist,3,Married,7136,17257,3,Y,No,14,4,3,80,1,10,2,2,1,7,4,0
40,No,Travel_Rarely,456,Research & Development,7,5,Marketing,1,1863,4,Male,81,2,1,Research Scientist,1,Single,2375,7560,3,Y,No,14,3,4,80,0,16,4,3,11,2,2,1
30,No,Non-Travel,177,Sales,2,3,Marketing,1,2023,1,Male,70,3,2,Research Scientist,4,Single,2657,8209,3,Y,No,19,4,4,80,3,12,5,3,17,2,2,2
30,No,Travel_Rarely,301,Sales,5,3,Medical,1,1716,4,Male,54,3,1,Sales Executive,3,Married,3761,2322,2,Y,Yes,11,3,3,80,1,7,3,2,10,1,1,6
42,No,Travel_Rarely,772,Research & Development,1,3,Life Sciences,1,1319,4,Female,86,2,2,Sales Executive,3,Married,7919,23129,4,Y,No,17,3,1,80,1,13,3,3,3,8,5,1
30,Yes,Travel_Rarely,564,Sales,1,2,Medical,1,1538,4,Male,88,2,3,Manufacturing Director,2,Single,11001,2094,0,Y,Yes,12,3,4,80,1,2,3,3,5,15,1,6
27,No,Travel_Frequently,1299,Research & Development,27,3,Life Sciences,1,347,3,Female,48,3,3,Sales Executive,3,Single,5444,18838,1,Y,No,11,3,4,80,0,7,1,3,2,8,5,1
43,No,Travel_Rarely,481,Research & Development,13,2,Medical,1,421,3,Female,54,3,4,Sales Executive,3,Married,13936,6667,2,Y,Yes,11,3,4,80,1,13,6,3,7,9,0,9
34,No,Non-Travel,142,Research & Development,20,4,Technical Degree,1,130,3,Female,80,3,2,Research Scientist,1,Married,4306,25209,2,Y,No,14,3,4,80,1,9,6,3,1,2,4,1
47,Yes,Travel_Frequently,327,Research & Development,29,2,Life Sciences,1,1055,3,Male,32,3,5,Sales Executive,4,Single,5896,14643,5,Y,Yes,12,4,4,80,0,1,6,3,0,6,10,4
31,Yes,Travel_Rarely,407,Research & Development,7,3,Human Resources,1,1175,1,Male,68,1,2,Laboratory Technician,2,Single,3787,20178,1,Y,Yes,11,3,4,80,0,12,3,4,10,3,0,3
29,No,Travel_Rarely,873,Sales,1,4,Life Sciences,1,1443,4,Male,69,3,2,Research Scientist,1,Married,19047,17281,1,Y,No,21,3,4,80,0,13,2,3,4,5,1,1
34,No,Travel_Frequently,578,Sales,4,3,Life Sciences,1,800,1,Male,58,2,2,Manager,3,Divorced,2159,7541,1,Y,No,11,3,4,80,2,10,2,1,8,8,0,1
36,No,Travel_Rarely,632,Sales,2,3,Marketing,1,992,1,Male,93,3,2,Sales Executive,2,Single,4204,12851,3,Y,No,17,3,4,80,2,5,5,3,27,3,0,1
29,No,Travel_Rarely,967,Research & Development,7,3,Life Sciences,1,1302,3,Male,33,3,2,Laboratory Technician,4,Single,5059,26999,8,Y,No,24,3,4,80,1,11,2,3,11,9,0,4
30,No,Travel_Rarely,1322,Sales,1,2,Life Sciences,1,1506,1,Male,46,3,1,Manufacturing Director,4,Married,2965,8810,8,Y,No,11,3,4,80,2,7,3,4,11,3,0,3
26,No,Travel_Rarely,111,Research & Development,11,3,Medical,1,1213,2,Male,73,3,1,Manager,2,Married,7096,21719,3,Y,No,13,3,1,80,1,13,3,3,7,1,1,4
29,No,Travel_Rarely,625,Sales,7,1,Life Sciences,1,1524,2,Male,68,2,1,Research Scientist,3,Married,2585,17967,8,Y,No,17,3,4,80,2,0,3,3,13,4,0,4
37,No,Travel_Rarely,926,Research & Development,9,4,Medical,1,1315,3,Female,38,3,5,Research Director,2,Divorced,4155,6842,0,Y,No,17,3,3,80,0,15,2,3,4,2,0,7
46,Yes,Travel_Rarely,710,Sales,11,4,Medical,1,1818,3,Female,30,3,5,Research Director,1,Divorced,5790,9522,1,Y,Yes,11,3,3,80,0,12,2,3,2,1,2,2
30,Yes,Travel_Rarely,493,Research & Development,4,4,Medical,1,1862,2,Male,52,2,3,Research Scientist,4,Married,2892,24504,6,Y,Yes,12,3,3,80,0,11,0,1,4,3,0,6
32,No,Travel_Rarely,189,Sales,3,3,Life Sciences,1,2068,4,Male,56,3,4,Laboratory Technician,3,Single,3938,18144,0,Y,No,12,3,4,80,0,18,3,2,2,3,0,3
54,No,Travel_Frequently,1052,Research & Development,23,5,Life Sciences,1,1457,1,Male,74,4,4,Human Resources,2,Married,7216,14347,4,Y,No,20,3,1,80,2,6,2,3,5,9,0,7
30,No,Non-Travel,1286,Research & Development,12,3,Marketing,1,1898,1,Male,40,3,2,Sales Executive,2,Divorced,2758,9255,1,Y,No,20,3,3,80,1,18,3,3,12,2,8,8
33,No,Travel_Rarely,189,Research & Development,8,3,Other,1,1436,3,Male,79,4,1,Laboratory Technician,2,Married,19200,8066,0,Y,No,21,3,3,80,0,23,5,3,7,7,0,8
41,No,Travel_Rarely,618,Research & Development,2,2,Life Sciences,1,72,3,Male,44,3,4,Research Scientist,3,Married,1009,6280,9,Y,No,24,3,3,80,1,11,3,3,11,3,2,6
45,No,Travel_Rarely,1479,Sales,2,4,Marketing,1,1914,1,Male,73,3,1,Laboratory Technician,4,Divorced,9035,14807,2,Y,Yes,21,3,2,80,0,21,5,4,0,10,0,1
48,No,Travel_Rarely,688,Sales,2,4,Technical Degree,1,1248,1,Female,31,3,1,Research Scientist,4,Single,11237,22774,4,Y,No,11,3,4,80,0,12,2,2,20,2,1,3
33,No,Travel_Frequently,161,Research & Development,7,3,Life Sciences,1,412,4,Female,94,4,4,Sales Executive,4,Divorced,13644,21623,6,Y,Yes,18,3,1,80,0,9,2,1,9,10,0,3
26,No,Travel_Rarely,539,Research & Development,14,4,Medical,1,1783,3,Male,69,3,3,Human Resources,3,Single,18727,16044,4,Y,No,12,3,3,80,0,8,3,3,4,3,1,2
28,No,Travel_Rarely,782,Research & Development,6,4,Marketing,1,561,2,Male,48,3,1,Research Scientist,3,Married,16280,26999,4,Y,No,13,3,4,80,0,23,5,3,3,5,0,13
52,No,Travel_Rarely,299,Sales,3,4,Other,1,1747,3,Female,30,3,2,Sales Executive,2,Single,1501,26018,7,Y,No,17,4,4,80,1,9,3,4,8,1,0,0
46,No,Travel_Frequently,835,Research & Development,17,4,Technical Degree,1,1967,2,Male,84,3,2,Research Scientist,1,Married,11005,3144,7,Y,No,16,3,3,80,2,9,1,3,20,0,1,1
22,No,Travel_Rarely,932,Sales,19,1,Life Sciences,1,1410,4,Male,97,3,1,Sales Representative,4,Single,3288,6125,9,Y,No,19,3,1,80,1,10,2,3,1,0,0,8
37,No,Non-Travel,539,Sales,14,4,Medical,1,797,3,Male,84,1,4,Sales Executive,1,Single,3696,22646,3,Y,No,12,3,1,80,2,3,3,3,3,2,0,0
33,No,Travel_Rarely,334,Sales,3,4,Marketing,1,1555,3,Male,66,2,1,Manufacturing Director,4,Divorced,19637,2963,4,Y,No,12,3,4,80,0,8,3,3,3,12,1,4
18,No,Travel_Frequently,1067,Research & Development,4,3,Other,1,1639,4,Female,71,3,2,Laboratory Technician,3,Single,3125,22620,2,Y,No,14,4,1,80,2,6,2,2,3,2,1,2
60,No,Travel_Rarely,1457,Human Resources,1,1,Medical,1,1853,1,Male,63,2,2,Research Scientist,4,Divorced,9206,9794,2,Y,No,11,4,3,80,0,27,3,3,20,6,0,6
33,No,Travel_Rarely,981,Research & Development,11,2,Life Sciences,1,1532,4,Female,77,2,4,Research Scientist,3,Single,8544,5203,6,Y,No,21,3,3,80,0,6,2,3,3,7,0,8
32,No,Travel_Frequently,857,Research & Development,6,4,Medical,1,1171,4,Male,100,3,1,Research Scientist,1,Divorced,17705,26150,5,Y,No,11,3,2,80,0,15,3,4,1,0,8,7
26,No,Travel_Rarely,252,Research & Development,7,4,Life Sciences,1,1167,4,Male,63,3,2,Sales Representative,3,Married,5915,5596,9,Y,No,16,4,3,80,0,17,2,3,9,6,0,7
34,No,Travel_Rarely,475,Research & Development,2,4,Marketing,1,791,2,Male,39,3,2,Sales Executive,4,Single,18670,17820,3,Y,Yes,13,3,4,80,1,1,6,1,27,2,5,3
35,No,Travel_Rarely,1010,Research & Development,16,3,Medical,1,1729,4,Male,42,3,1,Manager,3,Married,5660,3141,1,Y,Yes,13,3,4,80,1,11,3,4,10,1,13,1
42,No,Travel_Rarely,710,Research & Development,1,1,Medical,1,1453,1,Male,59,3,2,Sales Representative,1,Single,1634,14512,0,Y,No,16,3,4,80,1,30,2,3,7,2,4,3
20,No,Travel_Rarely,1200,Sales,8,4,Medical,1,668,4,Female,65,3,1,Laboratory Technician,4,Married,1835,18596,1,Y,Yes,14,3,2,80,2,9,3,3,0,8,1,2
24,No,Travel_Rarely,558,Research & Development,10,1,Other,1,303,3,Female,76,3,1,Sales Executive,4,Divorced,4272,7200,3,Y,No,11,3,3,80,0,36,6,3,17,6,0,2
31,No,Non-Travel,336,Research & Development,10,4,Life Sciences,1,1582,1,Male,88,3,2,Laboratory Technician,2,Single,2725,17793,3,Y,No,13,3,2,80,0,15,2,3,10,8,0,2
25,Yes,Travel_Rarely,955,Sales,2,1,Life Sciences,1,40,1,Male,95,3,3,Sales Executive,1,Married,3815,13986,1,Y,Yes,12,3,4,80,1,11,3,4,6,1,0,3
55,No,Travel_Frequently,815,Research & Development,7,3,Life Sciences,1,1771,1,Male,70,3,3,Sales Executive,3,Single,5438,15265,2,Y,No,15,3,3,80,1,9,3,3,9,8,0,1
41,No,Travel_Rarely,1472,Research & Development,1,4,Technical Degree,1,1950,4,Female,41,3,1,Sales Executive,4,Married,8640,5661,1,Y,No,14,3,4,80,1,8,2,2,7,0,15,6
44,No,Travel_Frequently,1063,Sales,1,5,Medical,1,340,3,Male,75,4,2,Research Scientist,3,Divorced,3349,6117,5,Y,No,15,3,4,80,1,1,1,3,11,3,8,2
50,No,Travel_Rarely,975,Research & Development,21,1,Medical,1,1850,4,Male,63,4,2,Laboratory Technician,3,Married,6077,2233,1,Y,No,15,3,4,80,0,11,2,3,5,2,3,0
45,No,Travel_Rarely,393,Sales,21,4,Life Sciences,1,1510,3,Male,59,3,1,Sales Executive,4,Single,9761,9517,5,Y,No,18,3,1,80,0,5,2,2,12,1,3,8
56,No,Travel_Rarely,682,Sales,20,2,Life Sciences,1,449,1,Male,94,3,2,Sales Executive,4,Married,3477,20834,9,Y,No,11,3,3,80,0,17,5,3,3,7,1,1
26,No,Travel_Rarely,1065,Research & Development,3,3,Life Sciences,1,1581,3,Male,64,3,1,Healthcare Representative,2,Single,3210,21183,9,Y,No,11,3,4,80,1,20,1,3,3,2,0,0
31,No,Travel_Rarely,1165,Research & Development,10,4,Medical,1,698,3,Male,94,2,2,Sales Executive,1,Divorced,5392,10482,9,Y,No,11,3,1,80,0,8,6,2,4,6,0,8
31,No,Travel_Rarely,619,Research & Development,2,2,Medical,1,542,4,Male,50,3,2,Research Scientist,4,Divorced,3530,6827,2,Y,Yes,13,4,1,80,1,9,6,3,0,5,0,2
35,Yes,Travel_Rarely,463,Research & Development,1,5,Life Sciences,1,1162,2,Female,61,3,3,Sales Executive,2,Single,5137,16504,1,Y,Yes,19,3,4,80,0,9,6,3,10,6,0,2
41,Yes,Travel_Frequently,445,Sales,5,2,Life Sciences,1,1450,2,Female,87,4,3,Sales Representative,3,Divorced,1910,4474,0,Y,Yes,11,3,3,80,2,6,1,2,4,7,0,4
33,No,Travel_Rarely,869,Research & Development,6,3,Life Sciences,1,1693,1,Male,92,2,2,Manager,4,Divorced,3735,24288,1,Y,No,18,3,3,80,1,2,3,3,11,4,4,4
35,No,Travel_Rarely,1445,Research & Development,11,2,Marketing,1,4,4,Female,30,3,1,Sales Executive,4,Single,4269,9256,2,Y,No,11,3,4,80,1,6,1,2,11,2,2,2
39,Yes,Travel_Rarely,815,Research & Development,6,5,Marketing,1,1169,1,Female,93,2,5,Manager,4,Divorced,3176,8372,1,Y,Yes,11,3,4,80,0,6,3,3,3,2,1,4
25,No,Travel_Rarely,723,Research & Development,10,3,Technical Degree,1,747,2,Male,100,1,3,Research Scientist,3,Single,2020,18207,5,Y,No,14,3,1,80,1,7,3,3,11,2,0,3
45,No,Travel_Frequently,797,Research & Development,2,3,Medical,1,257,1,Male,30,4,4,Research Scientist,1,Divorced,5044,11545,4,Y,No,16,3,1,80,0,9,1,3,9,5,1,8
25,No,Travel_Rarely,834,Human Resources,16,1,Medical,1,1999,4,Male,46,1,2,Sales Executive,3,Divorced,3038,6279,4,Y,No,13,3,2,80,0,7,2,3,4,2,0,11
29,No,Travel_Rarely,1216,Research & Development,4,4,Life Sciences,1,1340,3,Female,86,2,1,Research Scientist,1,Divorced,2888,6133,3,Y,No,13,3,2,80,0,23,1,3,0,1,0,2
26,No,Travel_Rarely,1208,Research & Development,1,4,Medical,1,259,1,Female,85,4,1,Laboratory Technician,2,Single,5096,24209,1,Y,No,15,3,1,80,1,7,2,3,9,0,1,1
33,No,Travel_Rarely,740,Research & Development,27,2,Medical,1,1073,4,Male,71,2,4,Research Scientist,3,Single,10147,2773,1,Y,No,19,3,2,80,2,19,3,3,12,2,7,2
33,Yes,Travel_Frequently,529,Sales,27,1,Medical,1,1969,4,Female,32,2,3,Sales Executive,1,Single,5250,7484,6,Y,Yes,14,3,3,80,1,7,5,2,9,0,6,2
45,No,Travel_Rarely,177,Sales,1,4,Life Sciences,1,995,3,Female,36,2,3,Research Director,3,Married,13287,26384,5,Y,No,21,3,4,80,0,3,1,3,4,2,2,6
25,No,Travel_Rarely,824,Research & Development,7,4,Human Resources,1,138,3,Male,30,3,1,Healthcare Representative,4,Single,2118,19970,1,Y,No,11,4,2,80,3,9,3,3,26,14,1,2
25,No,Travel_Rarely,1445,Sales,1,4,Medical,1,1685,1,Female,46,2,2,Manager,2,Single,3623,20455,2,Y,No,19,3,4,80,0,10,2,3,5,9,0,8
50,No,Travel_Rarely,462,Research & Development,6,4,Life Sciences,1,1334,2,Male,78,3,4,Research Scientist,3,Single,12305,9508,9,Y,No,13,3,3,80,0,15,2,3,2,6,1,1
34,No,Travel_Rarely,383,Sales,16,3,Medical,1,2068,2,Male,59,2,2,Research Scientist,3,Married,7914,11919,0,Y,No,16,4,2,80,2,0,3,2,6,8,0,10
55,No,Travel_Rarely,828,Research & Development,17,3,Life Sciences,1,624,4,Female,92,3,2,Sales Executive,4,Divorced,9192,14116,1,Y,Yes,20,3,4,80,1,19,2,2,12,2,6,2
29,Yes,Non-Travel,1233,Research & Development,1,2,Life Sciences,1,21,4,Male,44,2,1,Sales Executive,2,Married,8947,11180,3,Y,Yes,12,3,4,80,0,7,2,1,1,8,2,3
56,No,Travel_Rarely,879,Research & Development,7,3,Technical Degree,1,1738,1,Female,64,3,1,Human Resources,4,Married,13073,13146,1,Y,No,14,3,3,80,0,7,3,3,6,7,0,5
44,No,Travel_Rarely,313,Sales,1,4,Medical,1,805,3,Female,68,3,4,Laboratory Technician,1,Married,4120,4022,4,Y,No,11,4,4,80,3,9,2,2,3,1,1,9
28,No,Travel_Rarely,867,Sales,11,4,Life Sciences,1,403,2,Male,38,3,1,Manufacturing Director,2,Married,4138,13776,3,Y,No,19,3,3,80,2,24,5,2,2,0,0,4
25,Yes,Travel_Rarely,344,Sales,4,3,Marketing,1,1484,2,Female,35,4,4,Manager,1,Divorced,17588,17928,8,Y,Yes,11,3,2,80,1,9,2,2,0,1,1,0
46,Yes,Travel_Frequently,417,Sales,22,3,Other,1,1924,1,Male,74,3,1,Sales Executive,3,Single,4390,20443,1,Y,Yes,22,3,1,80,3,6,2,3,5,5,0,2
27,No,Travel_Rarely,1152,Research & Development,20,2,Life Sciences,1,1135,3,Female,99,3,1,Human Resources,4,Single,4525,2563,2,Y,No,22,3,1,80,0,4,4,2,11,2,6,2
43,No,Travel_Frequently,976,Research & Development,22,5,Life Sciences,1,820,1,Male,75,3,1,Healthcare Representative,2,Single,4409,14601,0,Y,No,13,3,2,80,1,15,5,3,1,6,7,3
34,No,Travel_Rarely,107,Research & Development,3,1,Life Sciences,1,1376,4,Female,45,3,1,Research Scientist,2,Married,16959,4824,2,Y,No,13,3,4,80,1,13,0,3,14,7,1,6
38,No,Travel_Rarely,1262,Research & Development,12,4,Medical,1,1546,2,Male,36,3,2,Manager,3,Divorced,4763,2271,0,Y,No,17,3,3,80,0,2,3,2,6,1,0,8
39,No,Travel_Rarely,208,Human Resources,15,3,Marketing,1,2068,3,Male,84,3,2,Sales Executive,4,Married,4956,24806,1,Y,No,20,3,4,80,0,2,4,2,4,1,1,3
37,No,Non-Travel,1132,Human Resources,8,3,Medical,1,1040,3,Male,50,2,3,Healthcare Representative,3,Married,1197,21371,0,Y,No,11,3,2,80,1,17,2,3,12,0,3,9
28,Yes,Travel_Frequently,169,Research & Development,15,3,Medical,1,2068,2,Female,78,3,2,Research Scientist,2,Married,5373,7176,6,Y,Yes,18,4,3,80,1,7,1,3,8,1,0,3
25,No,Travel_Rarely,1353,Sales,11,3,Life Sciences,1,745,4,Female,43,2,1,Laboratory Technician,2,Married,1958,10916,2,Y,No,20,3,4,80,0,11,5,3,3,6,0,7
49,No,Travel_Frequently,1077,Sales,20,4,Life Sciences,1,1364,4,Female,47,3,1,Research Scientist,4,Married,6829,14047,1,Y,No,14,3,4,80,1,5,3,3,5,12,0,1
52,No,Travel_Rarely,1391,Research & Development,27,2,Medical,1,551,1,Male,30,3,2,Research Scientist,2,Married,13960,19993,4,Y,No,14,3,4,80,0,11,1,4,3,4,0,12
35,No,Travel_Rarely,237,Research & Development,10,3,Medical,1,422,4,Male,50,3,2,Laboratory Technician,4,Married,2872,20772,8,Y,No,15,3,1,80,3,9,3,3,3,4,0,1
34,No,Travel_Rarely,1432,Research & Development,1,1,Life Sciences,1,304,2,Male,75,3,2,Research Scientist,1,Married,6065,8353,1,Y,Yes,16,3,4,80,0,30,3,3,10,0,2,1
40,No,Travel_Frequently,819,Research & Development,2,2,Life Sciences,1,1824,3,Male,85,3,1,Manager,2,Married,16151,24316,0,Y,No,15,3,2,80,0,15,6,3,9,10,1,1
44,No,Travel_Frequently,1499,Research & Development,3,4,Medical,1,1619,2,Female,60,3,4,Sales Executive,3,Single,7285,8447,1,Y,No,17,3,1,80,1,7,4,3,7,6,2,4
37,No,Travel_Rarely,1482,Sales,7,1,Life Sciences,1,841,1,Female,91,3,1,Sales Executive,3,Married,14499,9308,0,Y,No,11,3,4,80,1,14,2,3,29,6,2,3
42,Yes,Travel_Rarely,280,Research & Development,19,4,Life Sciences,1,1283,1,Male,33,3,2,Sales Executive,1,Single,1009,13649,3,Y,No,11,3,4,80,0,9,0,2,8,9,1,6
38,No,Travel_Rarely,914,Research & Development,7,4,Medical,1,306,2,Male,43,3,2,Human Resources,1,Divorced,3856,10348,1,Y,No,24,3,3,80,2,23,2,3,6,6,0,2
40,No,Travel_Frequently,582,Research & Development,1,1,Marketing,1,892,4,Male,80,4,1,Laboratory Technician,2,Single,6703,21935,7,Y,Yes,14,3,1,80,3,4,6,4,9,2,2,7
50,No,Travel_Rarely,561,Sales,2,1,Life Sciences,1,1636,4,Male,41,3,2,Laboratory Technician,3,Single,4627,9958,4,Y,No,17,3,2,80,1,9,2,2,9,0,4,2
31,Yes,Travel_Rarely,1339,Sales,22,3,Life Sciences,1,1834,1,Male,85,3,2,Research Scientist,4,Single,6357,12907,3,Y,Yes,11,3,4,80,0,25,2,3,16,9,0,5
52,No,Non-Travel,662,Research & Development,27,4,Medical,1,2068,3,Male,40,3,1,Sales Executive,4,Married,3128,5339,8,Y,No,25,3,4,80,0,10,3,3,4,0,3,3
47,No,Travel_Rarely,1093,Research & Development,1,3,Life Sciences,1,1850,4,Male,81,3,3,Laboratory Technician,3,Divorced,3777,24043,0,Y,Yes,16,4,3,80,1,26,3,3,8,9,1,2
44,Yes,Travel_Rarely,1297,Research & Development,1,1,Other,1,145,1,Male,89,3,2,Research Scientist,3,Single,12919,2094,8,Y,Yes,20,3,2,80,0,10,3,3,4,8,3,7
28,No,Travel_Rarely,846,Sales,4,1,Life Sciences,1,492,2,Male,44,3,1,Laboratory Technician,4,Single,6761,17641,1,Y,No,19,3,2,80,0,3,3,3,14,8,4,7
51,No,Non-Travel,1297,Research & Development,7,4,Life Sciences,1,97,3,Female,88,3,1,Laboratory Technician,4,Married,6774,7073,1,Y,No,14,3,1,80,2,12,6,2,3,1,1,1
34,No,Travel_Rarely,1036,Research & Development,28,3,Life Sciences,1,133,4,Male,78,3,2,Research Scientist,3,Married,2345,25169,1,Y,No,22,3,1,80,1,10,6,2,3,13,0,9
26,No,Travel_Frequently,1369,Research & Development,2,2,Medical,1,471,3,Female,54,3,2,Human Resources,1,Single,9610,17440,2,Y,No,17,3,4,80,1,4,3,1,7,2,1,2
38,No,Travel_Rarely,1231,Research & Development,3,3,Other,1,1037,3,Male,98,4,1,Sales Executive,4,Married,4857,10441,1,Y,No,13,4,4,80,0,9,3,4,3,14,7,3
48,No,Travel_Rarely,492,Research & Development,9,3,Medical,1,1458,1,Female,58,3,1,Research Director,4,Single,12825,22481,1,Y,No,16,3,3,80,1,12,2,2,3,0,0,8
24,No,Travel_Frequently,775,Research & Development,1,3,Life Sciences,1,640,4,Male,36,3,1,Healthcare Representative,2,Married,3489,11118,0,Y,No,17,4,3,80,1,11,2,1,35,7,6,3
50,No,Travel_Frequently,640,Research & Development,1,2,Life Sciences,1,111,1,Female,98,2,4,Sales Executive,2,Divorced,1055,19241,3,Y,No,12,3,3,80,0,0,3,3,4,5,0,4
31,Yes,Travel_Rarely,584,Research & Development,26,3,Life Sciences,1,1863,1,Female,96,3,2,Sales Executive,3,Married,2942,13304,0,Y,Yes,14,3,4,80,1,7,2,3,4,10,0,11
24,No,Travel_Rarely,819,Sales,6,4,Life Sciences,1,532,4,Female,41,4,2,Sales Executive,3,Divorced,3767,8456,3,Y,Yes,12,3,3,80,1,33,3,3,9,10,0,0
46,No,Travel_Rarely,360,Sales,6,2,Medical,1,764,1,Female,89,3,1,Sales Executive,4,Married,6527,18863,5,Y,No,15,4,2,80,0,11,2,4,7,2,0,3
37,No,Travel_Rarely,430,Research & Development,1,1,Medical,1,628,3,Female,78,3,1,Sales Executive,3,Married,4041,24812,1,Y,No,14,3,1,80,0,13,5,3,7,1,0,4
40,No,Travel_Rarely,1424,Sales,7,3,Life Sciences,1,1952,1,Female,50,3,2,Sales Executive,4,Married,3600,16349,2,Y,No,23,3,3,80,1,7,2,3,4,0,1,0
21,Yes,Travel_Rarely,877,Research & Development,1,4,Life Sciences,1,539,3,Male,40,4,3,Research Scientist,1,Single,1667,17402,1,Y,Yes,19,3,4,80,1,2,2,3,22,9,4,4
37,No,Travel_Frequently,150,Research & Development,2,4,Medical,1,416,3,Male,79,3,3,Research Scientist,4,Married,8182,6601,4,Y,No,22,3,4,80,0,6,2,1,8,6,0,7
28,Yes,Travel_Frequently,572,Research & Development,2,3,Technical Degree,1,833,4,Female,65,3,1,Laboratory Technician,3,Divorced,3196,23083,5,Y,Yes,12,3,3,80,1,5,5,2,8,5,0,3
45,No,Travel_Rarely,1032,Sales,2,2,Life Sciences,1,932,1,Male,56,4,2,Laboratory Technician,4,Married,16885,5928,5,Y,No,14,4,4,80,1,7,3,3,4,9,1,3
36,No,Travel_Rarely,553,Sales,22,2,Marketing,1,1261,4,Male,54,3,3,Human Resources,2,Married,2525,22750,2,Y,No,12,3,4,80,0,5,3,3,9,9,0,7
40,No,Travel_Rarely,303,Research & Development,18,2,Technical Degree,1,1661,1,Male,66,3,1,Sales Representative,1,Divorced,1967,11235,3,Y,No,11,3,4,80,0,26,2,2,8,1,7,4
28,Yes,Travel_Rarely,604,Research & Development,21,3,Marketing,1,1600,4,Female,84,3,1,Healthcare Representative,1,Single,6003,19851,0,Y,Yes,16,3,3,80,2,2,4,2,9,1,1,1
41,No,Travel_Rarely,1486,Research & Development,19,1,Life Sciences,1,612,1,Male,68,3,2,Sales Executive,2,Single,17815,6112,8,Y,No,23,3,1,80,0,10,3,3,5,2,0,7
53,No,Travel_Rarely,933,Research & Development,22,1,Medical,1,1020,3,Male,70,3,2,Research Scientist,4,Married,1856,19919,4,Y,No,15,3,4,80,0,8,2,2,7,6,0,6
26,No,Travel_Rarely,1285,Research & Development,8,2,Other,1,576,2,Male,93,3,3,Laboratory Technician,4,Married,4606,20755,4,Y,No,14,3,4,80,1,4,3,3,5,5,2,2
36,No,Travel_Rarely,1411,Research & Development,1,4,Technical Degree,1,17,3,Female,81,3,3,Manufacturing Director,2,Single,3435,7199,1,Y,No,18,3,4,80,1,8,2,2,2,8,3,3
40,Yes,Travel_Rarely,348,Research & Development,1,3,Other,1,1100,3,Female,72,3,1,Human Resources,3,Single,5792,7400,8,Y,Yes,13,3,3,80,0,19,2,4,0,8,1,1
35,No,Travel_Rarely,476,Sales,18,3,Technical Degree,1,1939,3,Female,73,3,1,Healthcare Representative,3,Divorced,7230,5718,1,Y,No,21,3,1,80,0,10,2,3,2,8,0,8
36,No,Travel_Rarely,484,Research & Development,26,1,Human Resources,1,1849,3,Male,47,2,2,Sales Representative,3,Married,1650,11779,1,Y,No,23,3,3,80,2,3,2,4,4,8,1,9
27,No,Non-Travel,877,Research & Development,13,4,Medical,1,1247,2,Male,33,4,3,Manager,3,Married,2741,18018,1,Y,No,13,3,3,80,0,11,2,3,2,3,1,2
25,No,Travel_Rarely,1211,Research & Development,7,2,Medical,1,1466,2,Male,58,2,3,Healthcare Representative,3,Single,19369,17742,9,Y,No,12,4,1,80,1,10,2,2,10,3,2,3
50,No,Non-Travel,1288,Research & Development,7,3,Life Sciences,1,1717,1,Male,48,2,1,Sales Executive,4,Single,2622,9594,4,Y,No,11,3,3,80,0,13,3,3,7,1,1,8
55,No,Non-Travel,1022,Research & Development,19,4,Life Sciences,1,1414,2,Male,48,2,2,Laboratory Technician,1,Single,3990,22232,6,Y,No,23,3,1,80,1,5,2,3,21,11,3,8
32,No,Travel_Rarely,836,Research & Development,8,2,Medical,1,1422,2,Female,59,3,1,Laboratory Technician,2,Single,5044,12517,2,Y,No,21,4,1,80,0,6,3,3,5,7,1,7
33,No,Travel_Frequently,144,Research & Development,11,4,Life Sciences,1,1,4,Female,78,3,1,Laboratory Technician,2,Divorced,3256,15247,2,Y,No,12,3,2,80,2,12,3,3,9,1,1,6
32,No,Travel_Frequently,940,Research & Development,16,4,Medical,1,462,4,Female,30,3,1,Research Scientist,4,Single,1009,25810,1,Y,No,12,3,2,80,0,10,3,3,7,0,2,0
34,No,Travel_Rarely,1283,Research & Development,15,4,Marketing,1,1779,4,Female,89,3,2,Sales Executive,3,Single,6189,2094,3,Y,No,17,3,2,80,0,7,2,3,5,2,1,0
28,No,Non-Travel,1403,Sales,25,3,Life Sciences,1,1114,1,Male,84,3,2,Sales Representative,3,Married,11600,15348,6,Y,No,24,3,3,80,1,0,5,2,22,7,0,8
32,Yes,Travel_Rarely,529,Research & Development,24,3,Life Sciences,1,356,2,Female,47,3,2,Research Director,3,Married,6182,4539,1,Y,Yes,19,3,4,80,2,11,3,3,10,1,5,0
34,No,Travel_Frequently,357,Research & Development,4,4,Technical Degree,1,210,3,Male,91,3,4,Laboratory Technician,1,Single,1892,9322,1,Y,No,13,3,3,80,0,0,2,3,9,4,0,2
36,No,Travel_Rarely,701,Human Resources,24,3,Life Sciences,1,1910,4,Female,85,3,2,Sales Executive,4,Married,1937,6825,5,Y,No,15,3,2,80,1,18,5,3,1,3,13,12
45,No,Travel_Rarely,1079,Research & Development,27,3,Life Sciences,1,1587,2,Male,97,3,3,Research Scientist,4,Married,5095,24261,8,Y,No,16,4,2,80,1,11,3,1,0,4,2,1
22,No,Travel_Rarely,275,Research & Development,9,3,Technical Degree,1,1409,1,Male,57,4,3,Laboratory Technician,3,Single,3968,25951,1,Y,No,19,3,4,80,1,23,2,3,8,6,1,1
36,Yes,Travel_Frequently,1196,Research & Development,11,4,Medical,1,1871,4,Male,64,1,3,Human Resources,3,Single,3881,15950,1,Y,Yes,16,3,2,80,0,23,2,3,6,9,1,1
37,No,Travel_Frequently,396,Research & Development,1,2,Life Sciences,1,418,4,Female,36,3,2,Research Scientist,4,Single,3263,13458,0,Y,No,16,3,3,80,1,12,2,2,11,1,14,1
28,Yes,Travel_Frequently,968,Research & Development,10,4,Life Sciences,1,1114,4,Male,72,2,2,Research Scientist,3,Married,3924,2094,3,Y,Yes,17,3,4,80,1,15,4,2,0,1,0,1
37,No,Travel_Rarely,927,Research & Development,26,4,Medical,1,1695,1,Female,64,2,1,Sales Executive,4,Single,2297,8766,1,Y,No,15,4,4,80,0,0,3,4,14,0,0,0
40,Yes,Travel_Frequently,213,Sales,2,4,Life Sciences,1,1144,3,Male,80,1,1,Sales Executive,2,Married,7151,2870,9,Y,Yes,16,3,2,80,2,19,3,2,1,0,0,2
23,No,Travel_Rarely,1191,Sales,21,3,Life Sciences,1,1686,4,Female,79,3,2,Sales Executive,2,Divorced,11645,7824,6,Y,No,18,3,2,80,0,10,5,3,18,7,5,2
18,No,Travel_Rarely,304,Research & Development,10,3,Medical,1,556,4,Male,45,3,1,Laboratory Technician,2,Single,1338,18172,9,Y,No,23,3,1,80,1,0,3,1,20,7,1,9
22,No,Non-Travel,1099,Sales,10,3,Technical Degree,1,35,2,Female,86,3,1,Research Director,4,Single,4698,10400,0,Y,No,11,3,3,80,0,9,3,3,3,2,3,2
43,No,Travel_Frequently,129,Research & Development,9,1,Medical,1,419,4,Male,93,2,2,Healthcare Representative,3,Single,4513,17969,4,Y,No,12,3,2,80,1,24,2,3,7,3,0,0
29,No,Travel_Rarely,1354,Research & Development,9,4,Technical Degree,1,372,4,Male,83,2,5,Sales Executive,4,Married,5549,9158,3,Y,No,13,3,4,80,0,26,2,1,4,9,2,6
30,Yes,Travel_Rarely,239,Research & Development,7,2,Life Sciences,1,410,4,Male,30,2,2,Manager,1,Single,4640,22437,2,Y,Yes,15,3,2,80,0,5,2,3,9,9,3,1
37,No,Travel_Rarely,1330,Human Resources,5,1,Life Sciences,1,246,1,Male,48,2,2,Research Director,4,Married,5808,25459,8,Y,No,14,3,4,80,0,18,5,3,4,14,0,2
32,No,Travel_Rarely,326,Sales,1,4,Technical Degree,1,308,3,Male,85,3,1,Research Scientist,2,Married,2032,20270,4,Y,Yes,22,3,1,80,1,11,2,3,19,0,0,2
27,No,Travel_Rarely,1293,Research & Development,9,2,Medical,1,295,2,Male,70,1,1,Healthcare Representative,4,Divorced,14167,12000,8,Y,Yes,15,3,3,80,1,5,3,3,1,7,1,1
39,No,Travel_Frequently,812,Human Resources,17,1,Life Sciences,1,214,4,Male,96,3,2,Research Scientist,2,Married,9780,16409,6,Y,Yes,11,3,4,80,3,5,3,3,2,4,2,0
29,No,Travel_Rarely,1206,Sales,7,4,Life Sciences,1,352,4,Male,37,3,2,Research Scientist,4,Married,4379,6440,3,Y,No,15,3,3,80,1,2,3,3,9,3,4,3
35,No,Travel_Rarely,879,Sales,6,4,Medical,1,1395,3,Male,35,2,2,Laboratory Technician,2,Divorced,16718,19469,1,Y,No,18,3,3,80,2,21,6,3,9,6,2,7
25,No,Travel_Rarely,557,Research & Development,2,4,Life Sciences,1,897,4,Male,44,3,4,Research Scientist,3,Married,10543,4088,0,Y,Yes,14,3,3,80,0,10,2,3,36,9,0,10
25,No,Non-Travel,196,Sales,5,4,Medical,1,862,4,Female,95,2,2,Sales Executive,1,Married,1901,13257,5,Y,No,13,3,3,80,0,1,2,3,5,0,0,1
28,Yes,Travel_Frequently,611,Research & Development,8,4,Marketing,1,1481,3,Male,64,4,2,Sales Executive,2,Married,7043,18643,0,Y,Yes,15,3,1,80,2,8,2,2,2,2,1,0
36,Yes,Travel_Rarely,338,Research & Development,3,3,Life Sciences,1,1156,1,Female,47,3,1,Human Resources,1,Single,9099,20926,9,Y,Yes,14,3,3,80,1,3,2,3,1,3,0,3
38,No,Non-Travel,1370,Research & Development,17,3,Medical,1,1,3,Male,42,4,1,Research Scientist,4,Single,16411,7093,1,Y,No,22,3,2,80,0,14,5,3,12,0,2,8
42,No,Travel_Rarely,949,Research & Development,9,2,Medical,1,897,3,Female,59,2,2,Sales Executive,2,Single,4418,11292,0,Y,No,14,3,4,80,0,12,2,2,11,0,11,3
58,No,Travel_Rarely,1058,Sales,9,3,Technical Degree,1,1994,4,Male,56,3,4,Sales Executive,4,Married,2739,23372,1,Y,Yes,16,3,4,80,2,17,3,3,7,10,6,3
45,No,Travel_Rarely,443,Research & Development,18,3,Marketing,1,351,3,Female,48,3,1,Laboratory Technician,4,Married,5251,16706,1,Y,No,12,3,2,80,0,8,2,3,7,0,2,0
54,No,Travel_Rarely,540,Research & Development,1,2,Life Sciences,1,414,4,Male,45,3,1,Manufacturing Director,4,Married,4574,5785,8,Y,No,13,3,4,80,1,5,6,3,10,2,0,8
42,No,Travel_Rarely,1178,Research & Development,1,1,Life Sciences,1,1234,4,Male,98,2,5,Sales Executive,4,Married,1577,6972,0,Y,No,12,3,4,80,2,8,2,3,1,1,0,9
59,No,Travel_Rarely,366,Sales,16,3,Other,1,273,3,Female,62,4,2,Research Scientist,3,Divorced,4662,8336,4,Y,No,11,3,3,80,0,13,5,4,5,3,2,3
32,No,Travel_Rarely,624,Research & Development,3,4,Life Sciences,1,2002,3,Male,81,3,4,Research Scientist,4,Single,3339,2335,3,Y,No,14,3,3,80,0,8,2,2,13,2,13,3
51,No,Travel_Frequently,1330,Research & Development,26,3,Medical,1,1986,4,Male,40,2,1,Healthcare Representative,2,Married,2394,18543,4,Y,No,11,3,2,80,1,7,3,3,20,7,1,0
28,No,Travel_Rarely,1062,Research & Development,13,1,Other,1,1271,1,Male,64,3,1,Manager,4,Married,6451,18728,1,Y,No,24,3,4,80,1,9,2,2,17,8,1,12
32,No,Travel_Rarely,1131,Research & Development,2,3,Life Sciences,1,803,4,Female,51,3,2,Laboratory Technician,2,Married,4038,2094,1,Y,No,15,3,2,80,1,31,3,3,10,0,0,2
43,No,Travel_Frequently,637,Research & Development,1,3,Medical,1,1200,4,Female,30,3,1,Sales Representative,2,Married,4184,20497,6,Y,No,14,3,2,80,0,12,3,3,9,6,4,1
47,No,Travel_Rarely,659,Research & Development,28,3,Life Sciences,1,1181,2,Female,30,3,1,Sales Executive,3,Divorced,3648,14126,9,Y,No,12,3,1,80,1,3,3,3,11,0,0,2
39,No,Travel_Frequently,331,Research & Development,3,3,Medical,1,1546,2,Female,61,1,2,Healthcare Representative,3,Single,10749,11719,2,Y,No,25,3,4,80,0,20,2,3,13,0,4,3
35,No,Travel_Rarely,396,Human Resources,27,2,Technical Degree,1,510,2,Male,62,2,1,Manufacturing Director,4,Married,19999,26507,7,Y,Yes,13,4,3,80,1,6,5,3,0,0,2,16
29,No,Travel_Rarely,989,Research & Development,15,3,Medical,1,131,1,Male,73,3,1,Healthcare Representative,3,Married,6413,16208,3,Y,No,11,3,1,80,0,9,3,4,9,12,3,2
31,Yes,Travel_Frequently,492,Research & Development,9,3,Technical Degree,1,2068,4,Female,43,2,1,Sales Executive,1,Divorced,2817,15356,2,Y,Yes,11,3,4,80,0,6,2,3,10,4,0,2
33,No,Travel_Rarely,1393,Research & Development,18,4,Life Sciences,1,905,2,Female,60,2,3,Manufacturing Director,2,Divorced,3289,6852,2,Y,No,15,3,4,80,2,9,5,2,6,10,1,1
32,No,Travel_Rarely,1358,Research & Development,25,1,Life Sciences,1,94,1,Female,56,4,1,Healthcare Representative,4,Single,4525,18242,7,Y,No,25,3,3,80,1,1,2,4,6,2,2,1
40,No,Travel_Rarely,282,Sales,1,4,Medical,1,1095,1,Male,64,3,1,Manufacturing Director,1,Divorced,3233,15150,2,Y,No,13,3,1,80,1,19,2,3,2,4,1,0
40,No,Travel_Frequently,146,Research & Development,3,3,Marketing,1,1121,2,Male,100,3,2,Sales Executive,3,Married,4378,14170,1,Y,Yes,13,3,4,80,0,15,3,3,5,5,0,8
46,No,Travel_Rarely,738,Research & Development,15,1,Life Sciences,1,1751,3,Male,80,2,2,Sales Executive,4,Married,2267,10257,3,Y,No,11,3,3,80,0,9,3,2,4,0,0,6
45,No,Travel_Rarely,1087,Sales,3,4,Medical,1,1750,1,Male,99,4,3,Sales Executive,1,Single,1776,18450,7,Y,No,11,3,2,80,0,1,5,3,7,1,0,6
20,Yes,Travel_Rarely,749,Research & Development,13,4,Medical,1,1852,3,Female,63,3,4,Sales Executive,1,Married,2704,26054,0,Y,Yes,23,3,3,80,0,10,5,4,20,4,1,4
33,Yes,Travel_Rarely,879,Sales,27,3,Life Sciences,1,1377,1,Male,44,3,1,Research Scientist,1,Divorced,4063,9647,7,Y,Yes,14,3,3,80,1,12,3,2,9,1,0,3
57,No,Travel_Rarely,1343,Research & Development,9,4,Technical Degree,1,1469,1,Female,100,3,3,Research Scientist,1,Divorced,6565,20673,1,Y,No,11,3,2,80,0,4,3,3,4,14,11,3
49,No,Travel_Rarely,1333,Research & Development,3,4,Medical,1,874,3,Male,63,2,4,Sales Representative,1,Single,4872,3366,0,Y,No,20,3,3,80,0,10,2,2,5,1,5,2
37,No,Travel_Rarely,1323,Sales,8,3,Technical Degree,1,1068,3,Female,35,2,1,Laboratory Technician,2,Married,5593,12155,2,Y,No,15,3,3,80,2,14,2,4,7,3,4,9
31,No,Travel_Rarely,1041,Research & Development,27,5,Marketing,1,1238,2,Male,98,2,2,Sales Representative,4,Married,5427,16802,5,Y,No,14,3,4,80,3,0,2,3,3,0,0,3
46,Yes,Travel_Rarely,633,Research & Development,7,1,Marketing,1,1883,1,Male,93,3,5,Laboratory Technician,2,Single,3932,7082,2,Y,Yes,14,3,3,80,0,15,2,4,0,1,0,3
51,No,Travel_Rarely,1162,Research & Development,1,2,Life Sciences,1,1898,4,Female,65,3,1,Manufacturing Director,4,Married,4320,24069,1,Y,No,14,4,1,80,0,4,3,3,2,0,0,3
28,No,Travel_Frequently,119,Sales,12,3,Medical,1,146,3,Female,76,3,1,Research Scientist,2,Married,2064,16473,4,Y,No,18,3,3,80,1,17,2,4,9,8,0,10
33,No,Travel_Rarely,343,Research & Development,1,4,Life Sciences,1,2032,4,Female,48,1,1,Manager,1,Married,13319,9117,2,Y,No,21,3,4,80,1,6,3,2,1,4,0,1
34,No,Travel_Rarely,557,Sales,17,4,Life Sciences,1,1260,1,Female,56,2,1,Research Scientist,1,Single,12759,22064,1,Y,No,13,4,2,80,1,6,0,1,25,1,1,0
47,No,Travel_Rarely,389,Sales,23,4,Medical,1,1,4,Male,74,2,1,Laboratory Technician,1,Single,10011,19666,3,Y,No,15,3,3,80,2,8,2,3,6,1,0,0
32,No,Travel_Frequently,266,Research & Development,1,3,Life Sciences,1,162,4,Female,75,3,1,Laboratory Technician,2,Single,6721,21285,1,Y,No,13,3,3,80,1,14,1,3,15,2,0,8
40,No,Non-Travel,1045,Research & Development,8,1,Life Sciences,1,29,4,Female,73,3,2,Sales Executive,3,Married,4368,22692,4,Y,Yes,11,3,1,80,0,14,2,3,8,1,1,5
60,No,Travel_Rarely,620,Sales,1,1,Life Sciences,1,1576,2,Male,99,3,2,Sales Executive,3,Single,3635,8626,5,Y,No,11,3,3,80,1,13,3,3,37,2,1,8
35,Yes,Travel_Frequently,1007,Sales,1,3,Marketing,1,406,3,Female,62,1,1,Laboratory Technician,1,Single,2676,11332,1,Y,Yes,11,3,3,80,2,7,3,4,7,8,6,6
31,No,Travel_Rarely,402,Sales,19,2,Life Sciences,1,542,4,Female,97,2,2,Healthcare Representative,3,Married,2255,8024,1,Y,No,21,3,1,80,0,7,2,2,12,3,2,2
33,No,Travel_Rarely,272,Research & Development,1,3,Human Resources,1,255,4,Female,77,3,1,Healthcare Representative,3,Married,14105,4332,0,Y,No,15,3,1,80,0,30,3,3,11,7,1,3
23,No,Travel_Rarely,598,Human Resources,11,3,Life Sciences,1,1173,4,Male,89,4,3,Research Scientist,4,Single,3891,11029,8,Y,Yes,19,3,3,80,1,11,3,4,6,3,1,1
42,No,Travel_Rarely,336,Research & Development,7,1,Marketing,1,1629,3,Male,51,3,1,Laboratory Technician,2,Single,5851,21412,5,Y,No,16,3,2,80,1,8,3,3,7,1,1,2
39,No,Travel_Rarely,1499,Research & Development,17,3,Life Sciences,1,116,3,Female,100,3,3,Sales Executive,1,Married,10273,11021,1,Y,No,14,3,4,80,1,16,3,1,6,1,0,6
53,No,Travel_Frequently,475,Sales,16,2,Life Sciences,1,1519,4,Male,36,3,1,Research Scientist,3,Divorced,9126,4880,8,Y,No,13,3,4,80,3,7,3,2,9,1,0,0
59,No,Travel_Rarely,1131,Research & Development,7,4,Medical,1,1033,2,Female,87,3,2,Sales Executive,4,Single,4455,9528,2,Y,No,20,3,3,80,1,9,3,2,1,0,0,2
45,No,Travel_Rarely,1179,Human Resources,2,3,Medical,1,313,3,Male,71,1,3,Manager,4,Married,4117,3411,8,Y,No,23,4,4,80,0,11,0,4,4,0,0,0
45,No,Travel_Frequently,1208,Sales,18,4,Life Sciences,1,479,3,Male,73,3,2,Sales Representative,3,Married,3708,17047,6,Y,No,17,3,4,80,1,0,3,2,4,9,2,9
27,No,Travel_Rarely,129,Research & Development,2,2,Medical,1,1205,4,Female,95,2,1,Sales Executive,3,Divorced,1708,7304,2,Y,No,17,3,4,80,0,6,5,3,2,9,4,2
39,No,Non-Travel,599,Sales,8,4,Life Sciences,1,1157,3,Female,39,3,1,Sales Executive,1,Married,11032,10455,0,Y,No,20,4,2,80,0,4,4,2,11,0,14,7
32,No,Travel_Rarely,346,Research & Development,11,4,Life Sciences,1,1140,4,Female,79,2,2,Sales Executive,1,Married,1637,10704,6,Y,No,14,3,1,80,0,11,1,2,20,0,0,1
18,Yes,Travel_Frequently,1216,Sales,9,2,Life Sciences,1,1329,4,Male,80,3,2,Sales Executive,1,Single,6421,23264,7,Y,Yes,22,4,1,80,0,28,5,3,7,2,0,0
35,No,Travel_Rarely,1455,Research & Development,1,4,Life Sciences,1,446,2,Male,33,2,1,Laboratory Technician,4,Married,5592,8356,4,Y,No,12,3,3,80,1,26,3,3,18,4,0,2
52,No,Travel_Rarely,1218,Research & Development,9,2,Medical,1,1904,3,Male,37,3,2,Research Scientist,3,Single,1455,22344,1,Y,No,18,3,2,80,1,7,2,3,6,2,0,9
29,No,Travel_Frequently,935,Research & Development,8,4,Technical Degree,1,182,4,Female,33,3,2,Sales Representative,1,Single,19829,19067,3,Y,No,19,3,1,80,3,9,3,3,19,2,4,8
55,No,Travel_Rarely,297,Research & Development,2,2,Other,1,826,4,Female,38,2,5,Sales Representative,3,Single,2339,9073,1,Y,No,15,3,1,80,0,9,5,3,1,9,0,9
33,Yes,Travel_Rarely,1083,Research & Development,3,4,Medical,1,2045,1,Male,76,2,4,Healthcare Representative,2,Single,2326,5673,7,Y,No,16,3,4,80,1,1,2,2,3,16,0,10
28,No,Travel_Frequently,917,Research & Development,29,3,Other,1,146,3,Male,65,3,3,Laboratory Technician,3,Single,8271,22886,1,Y,No,17,4,3,80,0,19,3,4,13,17,1,8
49,No,Travel_Rarely,1304,Research & Development,1,5,Other,1,1176,4,Male,69,3,1,Human Resources,2,Married,16544,26842,0,Y,No,11,3,1,80,0,12,4,3,6,8,13,7
34,Yes,Non-Travel,1454,Research & Development,10,3,Medical,1,327,2,Male,61,2,2,Laboratory Technician,3,Married,3434,13796,1,Y,Yes,16,3,3,80,1,11,2,3,0,7,15,7
45,No,Travel_Frequently,1211,Research & Development,2,1,Life Sciences,1,918,4,Male,82,3,2,Laboratory Technician,1,Divorced,1724,10512,1,Y,No,12,4,3,80,1,9,3,3,5,8,1,2
47,No,Travel_Frequently,1164,Research & Development,9,3,Marketing,1,206,4,Male,100,3,3,Research Director,2,Married,6331,12737,0,Y,No,14,3,4,80,1,22,2,3,10,2,1,9
27,No,Non-Travel,1492,Research & Development,12,3,Technical Degree,1,866,2,Female,80,3,2,Healthcare Representative,4,Single,4604,4009,2,Y,No,13,3,2,80,1,16,2,3,6,8,10,2
29,No,Travel_Rarely,878,Research & Development,1,1,Life Sciences,1,183,2,Female,77,2,5,Laboratory Technician,3,Single,2856,24606,8,Y,No,18,3,4,80,0,10,2,2,5,3,0,4
60,No,Travel_Rarely,445,Sales,25,3,Marketing,1,345,2,Male,82,3,1,Sales Executive,3,Single,1398,13125,4,Y,No,14,3,3,80,0,27,2,2,4,1,6,2
34,No,Non-Travel,224,Sales,11,3,Life Sciences,1,632,2,Female,61,3,2,Manager,3,Married,5160,17462,1,Y,No,13,3,2,80,0,6,3,4,26,0,0,0
39,No,Travel_Rarely,1402,Research & Development,1,4,Life Sciences,1,1500,4,Female,51,3,3,Research Scientist,1,Married,12759,6076,0,Y,No,18,3,2,80,0,22,3,2,9,4,1,7
33,Yes,Travel_Frequently,1400,Research & Development,9,2,Life Sciences,1,1644,2,Female,93,4,2,Sales Representative,1,Married,5491,17075,0,Y,Yes,13,3,4,80,0,8,3,2,11,1,1,1
19,No,Travel_Frequently,479,Sales,1,2,Technical Degree,1,1142,1,Male,69,2,2,Laboratory Technician,3,Married,11656,5918,1,Y,No,11,3,3,80,2,16,0,3,3,7,2,7
43,No,Travel_Rarely,664,Research & Development,6,4,Marketing,1,1590,2,Male,62,4,1,Sales Executive,1,Single,2603,11764,8,Y,No,14,3,3,80,0,7,4,4,14,7,2,3
38,No,Travel_Rarely,1203,Research & Development,15,2,Medical,1,1621,3,Female,75,3,2,Research Scientist,3,Married,13202,16993,7,Y,No,13,3,2,80,0,20,2,3,15,12,1,8
28,No,Travel_Rarely,800,Research & Development,15,3,Medical,1,1737,3,Male,86,4,3,Sales Executive,2,Divorced,8853,7115,1,Y,Yes,22,3,3,80,1,5,3,3,4,1,2,3
51,No,Travel_Rarely,1186,Research & Development,19,4,Medical,1,1657,1,Male,46,3,1,Laboratory Technician,1,Single,4828,25055,0,Y,No,12,3,4,80,0,34,4,4,1,1,0,7
40,No,Travel_Rarely,416,Research & Development,1,4,Technical Degree,1,572,3,Female,65,3,1,Research Director,3,Married,2352,7420,1,Y,Yes,19,4,4,80,1,15,2,4,15,6,0,15
31,Yes,Travel_Rarely,254,Sales,3,1,Life Sciences,1,1540,3,Female,37,3,1,Healthcare Representative,1,Divorced,2806,2253,9,Y,Yes,11,3,3,80,0,7,4,2,8,4,13,0
39,No,Travel_Rarely,407,Sales,9,4,Marketing,1,1745,2,Female,50,1,3,Research Scientist,2,Single,5404,13408,2,Y,No,16,3,3,80,1,3,2,3,4,7,1,8
38,No,Travel_Rarely,832,Sales,4,3,Marketing,1,1328,3,Female,99,1,2,Manufacturing Director,3,Divorced,12441,5833,9,Y,Yes,14,3,4,80,0,13,2,2,6,1,2,0
35,No,Travel_Rarely,501,Sales,7,1,Life Sciences,1,1385,4,Male,97,2,1,Healthcare Representative,4,Married,1009,19155,5,Y,No,14,3,2,80,3,24,4,3,1,2,0,6
28,No,Travel_Rarely,979,Sales,9,1,Life Sciences,1,1908,3,Female,40,3,1,Manufacturing Director,3,Single,1638,23860,2,Y,No,24,4,1,80,1,8,2,2,3,2,7,7
31,No,Travel_Rarely,459,Sales,19,4,Medical,1,709,2,Male,56,2,5,Manufacturing Director,4,Divorced,4602,23964,6,Y,No,14,3,1,80,0,33,6,3,7,11,4,2
41,No,Non-Travel,727,Sales,1,3,Medical,1,140,2,Male,44,3,1,Sales Representative,3,Single,2201,4177,1,Y,No,13,3,4,80,1,9,3,3,14,7,0,3
39,No,Travel_Frequently,473,Human Resources,7,4,Life Sciences,1,1651,4,Female,100,3,4,Manager,2,Married,5842,26699,3,Y,Yes,23,3,4,80,1,14,3,3,2,4,9,7
29,No,Travel_Frequently,1090,Research & Development,7,3,Medical,1,1024,2,Male,80,3,2,Sales Executive,2,Married,6706,7147,0,Y,No,13,3,4,80,0,5,6,3,19,9,1,3
43,No,Travel_Rarely,689,Research & Development,1,3,Marketing,1,1739,3,Male,55,2,3,Research Scientist,3,Divorced,4089,9291,1,Y,No,17,3,3,80,0,20,3,4,8,14,7,8
37,No,Non-Travel,1231,Research & Development,1,3,Other,1,24,2,Male,78,3,3,Sales Executive,3,Married,3608,5372,2,Y,No,11,3,3,80,0,11,2,2,2,4,0,17
28,No,Travel_Rarely,231,Research & Development,10,4,Medical,1,1049,3,Male,67,2,3,Human Resources,3,Married,2214,7300,1,Y,No,12,4,1,80,1,7,3,2,8,4,1,1
26,No,Travel_Rarely,605,Research & Development,1,4,Life Sciences,1,482,4,Male,35,3,2,Healthcare Representative,2,Married,5044,4095,0,Y,No,11,3,3,80,1,22,3,3,0,6,5,3
47,No,Travel_Rarely,1496,Research & Development,15,3,Medical,1,194,4,Male,92,3,1,Laboratory Technician,3,Single,8766,13166,1,Y,No,13,3,2,80,1,17,3,3,8,7,0,0
38,Yes,Travel_Rarely,919,Research & Development,6,4,Life Sciences,1,1939,4,Male,95,3,2,Manufacturing Director,2,Single,5548,19720,4,Y,Yes,14,3,1,80,0,10,3,1,6,5,0,1
34,No,Travel_Frequently,542,Research & Development,5,3,Other,1,178,2,Male,60,2,3,Research Director,4,Single,11590,14830,2,Y,Yes,12,3,4,80,1,24,4,1,9,2,0,6
37,No,Travel_Rarely,345,Research & Development,4,2,Medical,1,1260,3,Female,36,3,2,Manufacturing Director,4,Married,5323,5276,2,Y,No,17,3,2,80,1,18,2,2,2,8,0,8
47,No,Travel_Rarely,1021,Research & Development,1,5,Life Sciences,1,1022,3,Male,84,1,2,Healthcare Representative,3,Single,3630,3547,0,Y,No,14,4,4,80,3,7,2,3,5,4,1,13
22,No,Travel_Rarely,289,Research & Development,14,3,Life Sciences,1,1357,2,Female,49,3,3,Sales Executive,4,Divorced,7273,23466,1,Y,No,12,4,4,80,1,11,5,2,4,3,0,0
42,Yes,Travel_Rarely,941,Research & Development,22,3,Technical Degree,1,1536,4,Female,36,2,3,Research Director,2,Divorced,6309,13268,0,Y,Yes,16,3,3,80,1,4,3,4,0,1,0,0
26,No,Non-Travel,746,Sales,15,3,Technical Degree,1,1856,4,Male,46,3,2,Sales Representative,2,Married,19779,9149,5,Y,No,13,3,4,80,1,12,2,3,22,8,1,0
31,No,Travel_Rarely,646,Sales,7,2,Medical,1,311,1,Male,81,2,2,Sales Representative,4,Single,2392,13313,2,Y,No,12,3,3,80,1,15,6,2,3,1,0,0
33,No,Travel_Rarely,1174,Human Resources,1,3,Marketing,1,778,3,Male,74,3,1,Sales Executive,3,Single,10385,20601,1,Y,No,21,3,1,80,0,4,2,3,3,3,1,4
56,No,Travel_Rarely,988,Sales,4,3,Medical,1,310,4,Male,99,2,4,Research Scientist,3,Single,19999,19172,8,Y,No,13,3,3,80,1,23,3,3,12,6,1,7
43,No,Travel_Frequently,1114,Research & Development,1,4,Technical Degree,1,894,4,Male,100,3,1,Research Scientist,4,Divorced,7980,2274,0,Y,No,12,3,4,80,0,17,2,3,12,0,0,1
32,No,Travel_Rarely,102,Research & Development,1,2,Life Sciences,1,1768,2,Female,97,2,2,Research Director,4,Single,1009,8302,2,Y,No,11,4,1,80,0,19,4,4,24,4,0,2
48,No,Travel_Rarely,973,Sales,4,1,Life Sciences,1,1705,4,Male,82,3,1,Healthcare Representative,3,Divorced,7457,21066,4,Y,No,16,3,1,80,3,4,2,2,8,1,0,1
26,No,Travel_Frequently,354,Research & Development,2,3,Life Sciences,1,1346,3,Male,34,3,2,Sales Executive,4,Single,8060,23212,1,Y,No,13,3,4,80,1,2,2,1,11,3,2,9
24,No,Travel_Frequently,1218,Research & Development,20,4,Technical Degree,1,1572,4,Female,37,2,1,Research Director,3,Married,17601,17960,1,Y,No,13,3,3,80,0,8,3,3,0,13,0,7
25,Yes,Travel_Rarely,103,Research & Development,27,3,Life Sciences,1,1846,3,Male,48,3,1,Sales Executive,4,Married,6789,9832,3,Y,Yes,12,3,2,80,0,0,4,2,0,16,5,7
41,No,Travel_Frequently,1026,Research & Development,7,4,Marketing,1,1696,4,Female,99,3,1,Research Director,3,Divorced,4589,17182,5,Y,No,13,3,2,80,1,9,2,2,1,4,6,6
41,No,Travel_Rarely,757,Research & Development,12,4,Medical,1,286,4,Male,73,3,4,Laboratory Technician,4,Married,6438,4728,3,Y,No,12,3,3,80,0,13,2,3,1,7,1,4
43,No,Travel_Rarely,1041,Sales,11,3,Technical Degree,1,301,4,Female,34,3,2,Human Resources,1,Married,14560,20992,5,Y,No,15,3,3,80,1,5,3,3,11,2,0,4
37,No,Travel_Frequently,1353,Research & Development,28,2,Life Sciences,1,366,3,Male,96,3,2,Research Scientist,2,Married,19999,17369,8,Y,No,11,3,1,80,0,13,4,4,3,1,0,7
25,Yes,Travel_Rarely,788,Sales,1,1,Marketing,1,72,4,Female,83,2,3,Healthcare Representative,1,Married,3657,24519,8,Y,Yes,14,3,2,80,0,12,3,3,4,8,0,1
41,No,Travel_Rarely,395,Research & Development,2,2,Medical,1,1050,3,Male,46,3,1,Sales Executive,4,Married,5400,12328,1,Y,No,22,3,3,80,2,8,2,3,9,12,2,13
21,No,Travel_Rarely,1264,Sales,25,4,Life Sciences,1,890,4,Male,66,2,1,Laboratory Technician,3,Married,3093,26247,4,Y,No,21,3,3,80,0,19,2,3,7,3,0,4
27,No,Travel_Rarely,1019,Research & Development,3,4,Other,1,1299,1,Male,59,3,1,Laboratory Technician,3,Married,7507,21249,3,Y,No,21,3,2,80,3,6,3,3,15,0,3,7
38,Yes,Travel_Rarely,352,Research & Development,1,4,Medical,1,1,1,Female,83,2,2,Research Director,1,Married,9139,9332,8,Y,Yes,14,3,4,80,1,2,3,1,5,3,4,10
22,Yes,Travel_Rarely,644,Research & Development,1,2,Marketing,1,1413,1,Male,92,3,2,Sales Executive,3,Divorced,3596,26999,6,Y,Yes,12,3,2,80,1,3,5,3,5,6,1,9
27,No,Travel_Rarely,799,Research & Development,1,3,Life Sciences,1,356,4,Male,71,3,4,Sales Executive,3,Married,4859,15278,2,Y,No,19,3,3,80,3,18,2,2,11,2,7,4
23,No,Non-Travel,676,Sales,1,3,Other,1,446,3,Male,73,1,3,Laboratory Technician,4,Single,2786,24052,3,Y,No,21,3,2,80,1,13,5,3,2,7,5,8
47,No,Travel_Rarely,136,Research & Development,26,3,Marketing,1,1534,2,Female,77,3,1,Research Scientist,2,Single,6547,22927,0,Y,No,13,4,3,80,1,1,2,3,6,2,2,8
36,No,Travel_Rarely,382,Research & Development,15,3,Life Sciences,1,64,3,Male,55,2,2,Laboratory Technician,4,Single,1444,4886,9,Y,No,11,3,2,80,1,12,2,3,5,1,1,0
46,No,Travel_Rarely,491,Sales,9,3,Marketing,1,648,4,Male,36,3,2,Manufacturing Director,2,Married,4331,13481,2,Y,No,18,4,3,80,0,9,3,1,4,3,0,1
35,No,Travel_Rarely,579,Research & Development,6,3,Life Sciences,1,803,1,Male,33,3,2,Laboratory Technician,1,Single,1927,10089,1,Y,No,14,3,4,80,1,0,3,3,9,7,0,2
33,No,Travel_Rarely,793,Sales,16,3,Marketing,1,31,2,Male,47,3,2,Laboratory Technician,1,Divorced,2155,23388,1,Y,No,18,3,2,80,0,21,6,3,0,0,1,8
58,No,Travel_Rarely,823,Sales,5,3,Life Sciences,1,761,2,Female,56,4,2,Manufacturing Director,2,Divorced,14473,20580,1,Y,No,14,3,1,80,2,6,3,4,1,4,3,2
34,Yes,Travel_Rarely,466,Research & Development,12,3,Life Sciences,1,187,3,Male,38,3,3,Research Scientist,1,Married,1047,18331,0,Y,Yes,22,4,1,80,0,33,1,2,20,1,10,2
39,No,Travel_Rarely,684,Research & Development,11,5,Medical,1,1914,4,Male,74,2,1,Research Scientist,2,Married,2102,8363,1,Y,No,17,3,2,80,3,16,6,3,12,3,0,0
31,No,Non-Travel,926,Research & Development,2,4,Life Sciences,1,1596,2,Male,87,3,1,Sales Representative,2,Divorced,2506,15089,1,Y,No,13,4,2,80,1,15,6,3,2,6,0,1
54,No,Travel_Frequently,844,Sales,20,4,Medical,1,6,2,Male,93,3,1,Manufacturing Director,4,Married,17165,24649,1,Y,No,23,3,4,80,1,12,5,2,23,2,13,1
43,No,Travel_Rarely,759,Research & Development,6,3,Other,1,786,3,Female,35,3,1,Sales Executive,2,Married,7157,10585,4,Y,No,12,4,4,80,1,2,2,3,0,2,2,8
32,No,Travel_Rarely,1318,Human Resources,1,4,Technical Degree,1,675,4,Female,46,3,3,Manufacturing Director,1,Single,3433,25649,3,Y,No,20,4,4,80,1,2,2,3,8,3,1,5
41,No,Travel_Rarely,1276,Sales,8,2,Life Sciences,1,1394,2,Female,96,3,2,Healthcare Representative,2,Divorced,7157,23435,0,Y,No,11,3,4,80,0,23,2,3,6,9,4,7
32,No,Travel_Rarely,1499,Sales,7,4,Medical,1,1921,1,Female,61,3,1,Research Scientist,4,Divorced,3926,6180,1,Y,No,20,3,4,80,0,8,5,2,11,2,0,2
51,No,Travel_Rarely,1086,Research & Development,25,3,Life Sciences,1,1658,1,Female,78,3,2,Sales Executive,1,Married,18051,15489,8,Y,No,14,3,1,80,0,22,3,2,6,2,0,2
41,No,Travel_Rarely,255,Research & Development,4,3,Medical,1,63,3,Male,40,2,1,Manufacturing Director,4,Married,3257,5507,4,Y,No,12,3,1,80,3,10,4,3,3,7,0,6
57,No,Travel_Frequently,901,Research & Development,12,3,Life Sciences,1,850,3,Male,74,2,4,Sales Executive,3,Married,3764,9296,0,Y,No,12,3,1,80,0,7,2,3,3,7,0,12
56,No,Non-Travel,644,Research & Development,6,4,Medical,1,722,2,Male,54,3,2,Human Resources,4,Married,4815,18006,0,Y,Yes,14,3,1,80,1,10,2,2,0,0,1,6
54,No,Travel_Frequently,835,Research & Development,23,4,Life Sciences,1,128,2,Male,38,3,2,Healthcare Representative,4,Single,1009,18371,3,Y,No,15,4,2,80,0,8,6,3,9,3,0,3
33,No,Non-Travel,581,Research & Development,11,1,Other,1,581,3,Male,59,3,1,Manager,4,Single,2570,13053,1,Y,No,12,4,2,80,1,12,6,2,8,8,1,4
18,No,Travel_Rarely,996,Sales,10,4,Marketing,1,495,4,Male,77,2,2,Manufacturing Director,1,Married,6459,23079,0,Y,No,12,3,4,80,0,3,2,3,2,6,5,0
44,No,Non-Travel,179,Research & Development,1,3,Medical,1,1594,4,Male,70,2,1,Human Resources,4,Married,11898,8800,1,Y,No,13,3,4,80,2,7,0,3,3,8,13,2
39,No,Travel_Rarely,831,Sales,22,2,Technical Degree,1,1959,2,Female,75,2,1,Sales Executive,1,Divorced,3789,17335,2,Y,No,12,3,4,80,1,5,6,3,0,1,1,7
37,No,Travel_Rarely,431,Research & Development,1,3,Medical,1,923,4,Female,33,3,1,Laboratory Technician,3,Married,1645,6184,1,Y,Yes,19,3,1,80,0,1,3,3,11,1,0,2
46,No,Travel_Rarely,619,Sales,1,2,Marketing,1,2013,2,Male,62,3,5,Laboratory Technician,1,Divorced,5717,14794,0,Y,No,14,3,3,80,1,15,3,3,1,2,0,3
25,Yes,Travel_Rarely,871,Research & Development,8,3,Medical,1,723,3,Male,68,3,1,Research Scientist,1,Single,18814,3739,2,Y,Yes,18,3,3,80,1,0,4,3,6,2,0,4
36,No,Travel_Rarely,1499,Research & Development,9,3,Life Sciences,1,554,3,Male,54,3,1,Sales Executive,3,Single,17420,3147,1,Y,Yes,11,3,4,80,0,1,2,2,7,0,2,8
53,No,Travel_Rarely,507,Research & Development,10,1,Life Sciences,1,1771,4,Female,43,1,1,Sales Representative,2,Married,2530,18251,2,Y,No,17,4,3,80,0,4,5,4,11,2,0,2
19,No,Travel_Rarely,567,Sales,4,3,Medical,1,976,3,Male,73,3,4,Laboratory Technician,1,Single,2920,13896,2,Y,No,21,3,4,80,0,25,5,4,7,1,0,7
24,Yes,Travel_Rarely,172,Research & Development,11,3,Life Sciences,1,1007,1,Male,78,2,1,Manufacturing Director,3,Single,10358,10735,7,Y,Yes,15,3,3,80,1,7,5,3,4,0,0,2
35,No,Non-Travel,696,Sales,1,3,Medical,1,1535,4,Male,67,3,1,Sales Executive,3,Married,10884,17298,8,Y,No,14,3,3,80,0,19,3,1,0,0,0,0
45,No,Travel_Rarely,808,Sales,17,2,Life Sciences,1,749,3,Female,56,1,2,Manufacturing Director,4,Divorced,5874,8078,2,Y,No,23,3,3,80,1,10,3,3,12,7,3,11
59,No,Travel_Rarely,692,Research & Development,2,1,Life Sciences,1,20,4,Male,60,3,1,Healthcare Representative,4,Married,11180,13289,2,Y,No,16,3,2,80,0,11,2,2,8,1,9,1
47,No,Travel_Rarely,171,Research & Development,2,4,Marketing,1,1254,4,Male,83,3,2,Research Scientist,1,Married,2960,17568,3,Y,Yes,22,3,3,80,1,18,3,3,3,3,0,6
56,No,Travel_Rarely,1466,Research & Development,14,3,Medical,1,1981,3,Female,35,2,3,Healthcare Representative,4,Divorced,2968,2811,7,Y,No,16,3,3,80,0,16,3,2,1,8,2,2
41,No,Travel_Rarely,830,Research & Development,17,4,Life Sciences,1,129,4,Female,65,3,4,Manager,3,Divorced,4721,13323,1,Y,Yes,16,3,4,80,0,3,6,3,16,0,0,8
34,Yes,Travel_Rarely,1059,Sales,8,4,Life Sciences,1,490,2,Male,79,3,1,Research Scientist,1,Married,18925,13748,5,Y,Yes,14,3,3,80,0,3,2,3,8,7,0,0
32,Yes,Travel_Rarely,585,Research & Development,1,3,Medical,1,218,3,Male,80,3,1,Laboratory Technician,1,Single,3269,22509,4,Y,Yes,14,3,4,80,0,10,2,2,15,3,3,9
42,No,Travel_Rarely,997,Sales,2,5,Life Sciences,1,1432,2,Male,53,3,2,Research Director,4,Married,2776,12673,4,Y,No,14,3,3,80,0,3,3,2,10,5,0,0
56,No,Travel_Rarely,426,Sales,24,1,Technical Degree,1,1876,4,Female,82,3,3,Sales Executive,3,Single,10578,13175,4,Y,No,11,3,3,80,2,22,2,2,1,5,0,2
39,Yes,Travel_Rarely,425,Research & Development,1,3,Medical,1,1578,1,Male,68,3,2,Research Scientist,2,Single,1883,15375,5,Y,Yes,13,3,2,80,3,9,3,3,14,2,2,3
53,No,Travel_Rarely,1063,Sales,9,4,Life Sciences,1,624,4,Male,73,2,3,Laboratory Technician,1,Married,8482,14590,7,Y,No,16,3,4,80,1,7,5,2,0,2,3,7
35,No,Travel_Frequently,473,Sales,25,1,Technical Degree,1,1656,3,Male,62,3,1,Manager,3,Single,4090,12430,1,Y,No,11,3,4,80,1,21,2,2,0,0,3,3
19,No,Travel_Rarely,747,Sales,13,4,Human Resources,1,1464,3,Female,52,2,1,Research Scientist,3,Single,7478,24352,0,Y,No,14,3,3,80,1,0,5,3,3,2,0,0
40,No,Non-Travel,795,Sales,5,3,Marketing,1,1017,4,Male,79,3,1,Manufacturing Director,4,Single,5420,8771,1,Y,No,22,3,3,80,1,22,4,4,2,0,0,16
39,No,Travel_Rarely,1419,Research & Development,3,3,Life Sciences,1,1853,4,Male,100,3,4,Manufacturing Director,1,Single,17855,14666,4,Y,No,13,3,2,80,0,18,2,3,7,6,1,1
54,No,Travel_Rarely,1240,Research & Development,20,1,Medical,1,271,1,Female,81,3,3,Sales Executive,1,Married,9921,7538,8,Y,No,13,3,3,80,1,21,3,3,2,10,0,7
36,No,Non-Travel,556,Research & Development,2,4,Medical,1,1249,4,Male,92,3,2,Laboratory Technician,4,Divorced,2119,11990,1,Y,No,12,3,4,80,1,5,0,3,2,7,0,7
39,No,Travel_Frequently,102,Research & Development,3,3,Life Sciences,1,1578,4,Male,67,1,1,Healthcare Representative,4,Married,11681,7651,1,Y,Yes,12,3,1,80,0,10,3,3,8,7,0,4
40,Yes,Travel_Rarely,828,Sales,24,2,Medical,1,1156,3,Male,72,3,1,Laboratory Technician,4,Divorced,2526,5761,9,Y,Yes,20,3,4,80,1,2,2,2,11,3,3,0
21,No,Travel_Rarely,1129,Sales,14,2,Medical,1,1680,2,Female,92,3,2,Sales Representative,3,Divorced,5031,3762,6,Y,No,15,3,2,80,2,14,2,3,34,5,0,3
43,No,Travel_Rarely,741,Research & Development,1,2,Medical,1,1237,3,Male,51,2,4,Manager,3,Single,4244,25058,2,Y,Yes,12,3,3,80,0,23,5,4,18,9,8,3
43,No,Travel_Rarely,316,Sales,20,3,Human Resources,1,1,4,Male,34,2,5,Research Scientist,4,Single,6061,14015,0,Y,No,13,3,3,80,2,10,3,3,40,1,0,4
30,No,Travel_Rarely,205,Research & Development,24,1,Life Sciences,1,1460,4,Male,47,3,2,Laboratory Technician,4,Single,16634,17584,1,Y,No,13,3,3,80,1,18,2,3,8,7,2,0
46,No,Travel_Rarely,1417,Sales,1,2,Medical,1,607,4,Male,32,4,3,Sales Representative,3,Divorced,9020,10989,1,Y,Yes,19,3,4,80,1,7,3,3,2,3,0,7
26,Yes,Non-Travel,102,Sales,22,2,Life Sciences,1,1223,4,Male,78,2,5,Sales Representative,3,Married,3446,10807,7,Y,Yes,19,3,4,80,1,11,6,1,3,7,0,7
43,Yes,Travel_Rarely,113,Research & Development,3,3,Medical,1,1420,3,Male,43,1,4,Research Scientist,3,Single,1856,23862,0,Y,Yes,12,4,3,80,1,5,3,2,5,2,0,2
49,No,Travel_Rarely,951,Sales,3,4,Life Sciences,1,954,1,Male,50,3,3,Sales Representative,3,Single,4327,15667,2,Y,No,14,3,3,80,3,3,3,1,9,2,6,8
31,No,Travel_Rarely,588,Research & Development,2,4,Medical,1,1675,3,Female,88,3,2,Manager,4,Single,2860,19260,2,Y,No,12,3,3,80,0,3,2,3,3,0,1,5
57,No,Non-Travel,559,Research & Development,29,2,Marketing,1,1,4,Female,77,3,1,Sales Executive,2,Single,3498,21650,0,Y,No,13,3,4,80,0,10,2,3,4,0,0,7
35,No,Travel_Rarely,1347,Research & Development,2,2,Medical,1,859,2,Male,69,3,2,Laboratory Technician,3,Single,11911,16170,3,Y,No,13,4,2,80,1,8,2,1,6,4,0,0
20,No,Non-Travel,1137,Research & Development,4,1,Technical Degree,1,70,3,Male,97,3,4,Laboratory Technician,4,Divorced,4636,20603,1,Y,Yes,11,4,3,80,1,3,3,3,8,5,1,3
31,Yes,Travel_Rarely,1351,Research & Development,3,3,Medical,1,228,3,Male,80,3,2,Research Scientist,1,Single,9849,19568,0,Y,Yes,12,3,1,80,1,9,2,3,10,2,7,8
47,No,Travel_Rarely,1210,Research & Development,1,3,Medical,1,1795,3,Female,92,3,2,Laboratory Technician,3,Married,4715,21930,2,Y,No,13,3,2,80,1,8,2,3,0,9,4,11
48,No,Travel_Rarely,599,Research & Development,2,3,Life Sciences,1,1299,3,Male,39,1,3,Research Scientist,3,Married,2243,12998,2,Y,No,11,3,4,80,1,2,4,4,0,0,0,2
48,No,Travel_Rarely,201,Research & Development,8,1,Life Sciences,1,113,3,Male,76,3,1,Research Scientist,2,Single,8093,12933,2,Y,No,20,3,4,80,1,6,1,4,4,0,15,1
50,No,Travel_Rarely,741,Research & Development,8,4,Life Sciences,1,1884,2,Male,56,2,3,Research Scientist,4,Divorced,1809,4349,0,Y,Yes,12,3,3,80,1,3,3,3,11,6,0,2
46,No,Travel_Rarely,1318,Sales,3,4,Life Sciences,1,1679,3,Female,46,3,5,Sales Executive,1,Single,4469,3896,2,Y,No,15,3,2,80,2,5,3,3,1,5,0,10
29,No,Travel_Rarely,1437,Research & Development,4,3,Medical,1,1175,4,Male,31,2,2,Laboratory Technician,4,Divorced,1790,20595,5,Y,No,11,3,3,80,1,5,3,3,5,0,2,7
18,Yes,Travel_Rarely,561,Research & Development,3,1,Life Sciences,1,618,1,Male,60,4,3,Laboratory Technician,1,Single,3481,15169,4,Y,Yes,13,3,4,80,1,11,3,2,10,4,3,0
49,No,Travel_Rarely,720,Research & Development,7,2,Medical,1,1121,4,Male,55,2,2,Healthcare Representative,4,Divorced,11625,17187,3,Y,No,11,3,3,80,0,12,2,2,1,2,0,8
30,No,Travel_Frequently,471,Research & Development,8,4,Medical,1,653,4,Male,59,3,2,Sales Executive,3,Single,7205,3375,8,Y,No,15,3,2,80,1,4,3,3,3,8,4,3
49,Yes,Travel_Rarely,1392,Research & Development,8,3,Medical,1,1071,4,Female,51,3,1,Research Scientist,2,Divorced,4278,25284,1,Y,Yes,11,4,1,80,0,12,4,2,0,3,2,1
39,Yes,Travel_Rarely,648,Research & Development,6,3,Life Sciences,1,167,2,Male,65,2,5,Sales Executive,1,Married,5336,9134,2,Y,Yes,12,3,3,80,1,12,3,3,22,4,1,0
24,No,Travel_Rarely,1410,Research & Development,26,4,Life Sciences,1,505,4,Female,41,3,1,Sales Representative,1,Single,2501,15214,2,Y,No,23,3,2,80,1,0,2,3,9,10,5,9
47,No,Travel_Rarely,835,Research & Development,1,3,Medical,1,817,4,Male,44,2,1,Sales Representative,4,Single,18822,4561,5,Y,No,11,3,3,80,1,12,5,2,4,4,1,0
39,No,Travel_Rarely,1091,Sales,1,3,Medical,1,104,3,Male,39,3,4,Laboratory Technician,4,Single,11334,17783,9,Y,No,14,3,1,80,1,10,3,3,3,0,6,1
33,No,Travel_Rarely,762,Research & Development,1,3,Life Sciences,1,1136,1,Female,88,2,1,Research Scientist,3,Married,3700,6832,1,Y,No,18,3,2,80,0,9,3,4,32,5,0,7
40,Yes,Travel_Rarely,373,Research & Development,15,3,Life Sciences,1,1733,4,Male,51,4,2,Research Scientist,1,Married,2709,15630,2,Y,Yes,22,3,1,80,1,0,3,2,0,7,1,3
28,No,Non-Travel,1099,Research & Development,7,2,Life Sciences,1,248,3,Male,51,3,2,Manager,4,Single,5076,17951,1,Y,No,23,4,4,80,1,10,2,3,1,1,5,7
28,No,Travel_Rarely,794,Research & Development,8,3,Marketing,1,1225,1,Female,49,3,4,Manufacturing Director,3,Married,3118,20399,9,Y,No,11,4,3,80,1,9,0,2,9,1,6,1
60,No,Travel_Rarely,1332,Sales,2,4,Medical,1,1737,2,Male,67,4,1,Research Director,3,Divorced,5059,11271,0,Y,No,13,3,2,80,1,17,2,2,8,2,12,4
31,No,Travel_Frequently,1029,Research & Development,3,1,Life Sciences,1,736,3,Female,66,3,2,Sales Executive,4,Single,3641,7686,1,Y,No,22,3,3,80,1,6,3,2,7,8,11,6
45,No,Travel_Frequently,1484,Research & Development,5,3,Life Sciences,1,1048,1,Female,61,3,1,Sales Executive,4,Divorced,10670,9163,4,Y,No,12,3,2,80,1,14,2,3,7,0,1,6
34,Yes,Travel_Rarely,1476,Research & Development,7,4,Other,1,805,4,Male,53,3,1,Healthcare Representative,3,Married,4345,18836,1,Y,Yes,17,3,3,80,1,0,2,1,7,2,2,0
46,No,Travel_Frequently,1499,Research & Development,3,1,Medical,1,813,1,Female,99,2,2,Healthcare Representative,1,Divorced,12547,25156,5,Y,No,22,3,4,80,0,36,0,3,3,9,1,2
43,No,Travel_Rarely,802,Research & Development,4,1,Life Sciences,1,1873,4,Male,72,3,2,Research Scientist,4,Single,1669,11888,1,Y,No,13,3,4,80,3,6,6,3,1,1,1,4
44,Yes,Travel_Rarely,606,Research & Development,3,4,Life Sciences,1,1050,2,Male,60,1,2,Sales Executive,1,Married,12918,10399,1,Y,Yes,12,3,4,80,0,6,2,3,1,3,2,7
39,Yes,Travel_Rarely,1334,Research & Development,3,2,Medical,1,915,1,Male,38,3,2,Sales Representative,3,Single,2847,24695,8,Y,Yes,15,4,4,80,2,26,5,3,4,1,1,7
44,No,Travel_Rarely,721,Research & Development,2,1,Life Sciences,1,1262,3,Male,86,2,1,Human Resources,3,Divorced,12546,6980,7,Y,Yes,22,3,4,80,1,2,3,3,1,2,0,2
50,No,Travel_Rarely,1041,Sales,7,4,Other,1,1668,3,Female,95,3,3,Manufacturing Director,2,Divorced,2033,10101,5,Y,No,20,3,3,80,1,7,2,2,6,5,0,4
36,No,Travel_Frequently,684,Sales,18,2,Life Sciences,1,1008,3,Male,34,2,2,Manufacturing Director,1,Divorced,7889,18626,1,Y,No,12,3,1,80,0,16,2,3,2,0,0,6
41,No,Travel_Frequently,1412,Sales,4,2,Life Sciences,1,1715,4,Male,83,3,4,Human Resources,2,Divorced,3949,26534,2,Y,No,17,3,1,80,3,10,0,3,8,2,0,8
25,No,Travel_Rarely,249,Sales,2,3,Life Sciences,1,1140,1,Female,43,3,5,Healthcare Representative,4,Single,13018,9463,1,Y,No,21,3,1,80,1,5,5,3,7,3,2,3
21,Yes,Travel_Rarely,785,Sales,11,4,Medical,1,495,3,Male,87,2,1,Healthcare Representative,3,Single,4361,10337,1,Y,Yes,17,3,1,80,1,10,3,3,4,3,7,7
25,No,Travel_Rarely,1314,Research & Development,4,4,Marketing,1,999,4,Male,44,3,4,Laboratory Technician,4,Married,3145,9176,3,Y,Yes,23,3,1,80,0,15,2,3,2,0,1,4
26,No,Travel_Rarely,1287,Research & Development,1,5,Marketing,1,2068,3,Female,42,3,2,Manager,2,Divorced,14837,17846,4,Y,Yes,11,4,4,80,0,9,6,3,8,6,14,0
35,No,Travel_Rarely,270,Research & Development,1,3,Medical,1,872,2,Male,65,2,2,Research Scientist,3,Single,5480,6269,6,Y,No,18,4,3,80,0,15,5,3,3,2,2,10
30,Yes,Travel_Rarely,1296,Sales,7,5,Technical Degree,1,693,4,Female,50,3,2,Human Resources,2,Single,1656,26908,1,Y,Yes,16,4,3,80,0,0,2,3,3,2,0,9
41,No,Travel_Rarely,323,Research & Development,25,1,Life Sciences,1,1444,4,Male,61,3,1,Manufacturing Director,3,Divorced,13592,2685,4,Y,No,14,3,2,80,1,4,1,2,3,2,0,0
40,No,Travel_Rarely,712,Research & Development,1,3,Life Sciences,1,1547,3,Male,96,3,2,Sales Executive,3,Single,5876,22467,1,Y,No,19,3,4,80,0,11,3,3,18,1,0,2
50,No,Travel_Rarely,972,Research & Development,7,1,Life Sciences,1,1345,2,Male,83,3,1,Manufacturing Director,4,Married,2269,3394,0,Y,No,12,4,3,80,1,10,2,3,17,0,5,2
24,No,Non-Travel,240,Research & Development,23,4,Medical,1,1917,4,Male,56,3,1,Research Scientist,2,Married,5958,24895,2,Y,No,14,3,3,80,0,11,6,3,5,1,2,2
54,No,Travel_Rarely,281,Research & Development,14,2,Life Sciences,1,582,3,Male,75,3,2,Research Director,2,Divorced,3786,21829,0,Y,No,14,3,3,80,1,0,0,2,8,9,0,6
51,No,Travel_Rarely,385,Research & Development,4,3,Life Sciences,1,1784,4,Female,75,3,3,Research Scientist,4,Divorced,2551,3834,2,Y,Yes,17,3,3,80,1,10,5,3,21,0,1,7
40,No,Travel_Frequently,1216,Sales,1,3,Life Sciences,1,1004,2,Male,60,3,1,Healthcare Representative,2,Divorced,4075,12875,0,Y,No,13,3,4,80,1,1,2,3,2,7,0,3
33,No,Travel_Rarely,711,Human Resources,3,5,Medical,1,1,1,Female,90,2,5,Laboratory Technician,2,Single,2183,13446,2,Y,No,11,3,1,80,2,11,2,3,4,3,4,7
58,No,Travel_Frequently,707,Sales,9,4,Medical,1,1153,4,Male,71,3,1,Sales Executive,1,Married,5604,4600,1,Y,No,13,3,4,80,1,11,3,4,1,4,3,7
29,No,Travel_Frequently,1222,Sales,5,3,Other,1,191,3,Female,44,4,2,Human Resources,4,Married,10998,22554,2,Y,No,18,3,3,80,0,10,3,4,2,3,0,3
33,No,Travel_Frequently,192,Human Resources,10,3,Medical,1,1047,3,Male,71,3,2,Research Scientist,4,Single,2884,23572,1,Y,No,21,3,3,80,0,0,5,3,1,5,2,7
30,No,Travel_Rarely,1149,Sales,26,3,Life Sciences,1,428,4,Male,77,3,2,Laboratory Technician,1,Divorced,5114,17502,1,Y,No,15,3,3,80,0,3,6,2,0,4,2,1
41,No,Non-Travel,1421,Research & Development,8,3,Life Sciences,1,1391,3,Male,88,2,1,Research Scientist,2,Married,6959,13425,6,Y,No,11,3,4,80,0,4,4,3,5,3,2,8
27,No,Travel_Rarely,1451,Research & Development,11,5,Medical,1,1078,2,Male,44,2,1,Sales Executive,4,Married,2128,12686,1,Y,No,14,3,3,80,1,5,3,3,2,1,2,3
35,No,Travel_Rarely,1230,Sales,21,3,Life Sciences,1,1373,2,Female,57,2,1,Human Resources,2,Married,3521,24298,1,Y,No,12,3,1,80,2,5,2,3,0,2,2,3
31,No,Travel_Rarely,102,Research & Development,6,4,Life Sciences,1,1315,1,Male,98,3,4,Sales Executive,3,Married,1697,10967,0,Y,No,13,3,3,80,1,10,2,3,7,4,0,7
29,No,Non-Travel,1458,Research & Development,10,3,Technical Degree,1,1706,3,Female,58,3,4,Manager,3,Married,19999,22775,1,Y,No,13,3,2,80,0,6,1,3,5,1,1,13
34,No,Travel_Rarely,1004,Sales,12,3,Other,1,849,4,Female,86,3,2,Manufacturing Director,3,Married,6115,11215,3,Y,Yes,14,3,3,80,1,10,5,3,4,2,6,1
29,No,Travel_Rarely,1257,Sales,19,1,Marketing,1,1336,4,Female,80,3,1,Manufacturing Director,4,Divorced,8052,15643,3,Y,Yes,23,3,4,80,1,2,3,3,6,0,1,4
31,Yes,Travel_Rarely,532,Research & Development,3,2,Medical,1,1702,3,Male,75,3,5,Manager,1,Married,4935,19768,1,Y,Yes,21,3,3,80,0,0,3,2,7,8,1,2
53,No,Travel_Rarely,1310,Research & Development,1,3,Life Sciences,1,1432,4,Male,78,3,1,Healthcare Representative,2,Married,7988,21479,0,Y,Yes,25,3,3,80,1,7,2,3,7,0,1,4
39,Yes,Travel_Frequently,762,Sales,7,3,Medical,1,1186,2,Male,92,3,3,Sales Executive,2,Married,8692,5139,1,Y,Yes,12,3,1,80,1,2,2,2,15,0,3,9
47,Yes,Travel_Rarely,517,Sales,2,3,Life Sciences,1,542,2,Female,87,2,2,Sales Executive,1,Married,6446,12425,2,Y,Yes,12,3,4,80,1,3,1,2,2,1,1,3
36,No,Travel_Rarely,1026,Sales,25,2,Life Sciences,1,102,1,Female,98,1,2,Healthcare Representative,4,Married,2965,22448,4,Y,No,16,3,4,80,0,2,5,3,6,6,0,7
25,No,Travel_Rarely,1323,Research & Development,18,1,Marketing,1,1550,4,Male,86,3,1,Manufacturing Director,4,Divorced,9968,23203,1,Y,No,15,4,3,80,2,13,6,2,7,0,0,16
27,No,Travel_Rarely,1407,Sales,19,3,Marketing,1,1209,1,Male,100,2,1,Research Director,3,Married,2796,26021,1,Y,No,17,3,2,80,0,25,2,3,6,11,0,8
32,No,Travel_Rarely,689,Sales,2,3,Life Sciences,1,350,3,Male,43,2,1,Research Scientist,4,Single,2579,19912,5,Y,No,11,3,1,80,2,0,2,2,3,6,3,7
36,No,Travel_Rarely,484,Sales,3,3,Medical,1,857,3,Female,67,3,1,Laboratory Technician,1,Divorced,10762,20235,2,Y,No,14,3,3,80,0,21,2,2,18,5,1,9
33,No,Non-Travel,891,Sales,15,4,Life Sciences,1,1398,1,Female,63,3,4,Research Scientist,4,Married,2131,26107,1,Y,No,13,3,2,80,0,15,4,3,3,3,12,9
28,No,Travel_Rarely,1120,Research & Development,8,3,Medical,1,438,1,Male,88,2,1,Laboratory Technician,3,Divorced,12948,4359,8,Y,No,13,4,4,80,1,7,5,3,3,2,1,3
41,Yes,Travel_Rarely,1249,Sales,1,1,Marketing,1,318,2,Male,47,1,2,Sales Executive,3,Divorced,4306,15042,9,Y,Yes,14,3,2,80,0,8,3,4,0,9,0,8
40,No,Travel_Rarely,672,Research & Development,26,3,Technical Degree,1,1078,4,Female,42,3,3,Research Scientist,4,Single,1436,12024,0,Y,No,22,3,3,80,1,4,4,3,12,1,1,2
34,Yes,Travel_Frequently,397,Sales,4,1,Medical,1,1976,1,Male,48,3,1,Research Scientist,2,Married,1950,21666,1,Y,Yes,11,4,2,80,1,14,2,3,3,6,0,2
34,No,Travel_Rarely,1188,Research & Development,19,1,Medical,1,1570,2,Male,74,1,2,Laboratory Technician,1,Single,2030,26999,4,Y,No,14,3,2,80,1,9,5,4,20,4,3,0
34,Yes,Travel_Rarely,413,Research & Development,8,1,Life Sciences,1,1936,2,Female,63,3,1,Sales Executive,3,Single,4617,2736,2,Y,Yes,13,3,4,80,1,10,2,3,1,2,2,3
30,Yes,Travel_Rarely,755,Research & Development,9,3,Human Resources,1,411,4,Female,65,3,2,Manager,1,Married,4588,20089,1,Y,Yes,13,4,2,80,1,17,2,3,5,7,6,5
39,No,Travel_Rarely,537,Research & Development,4,4,Marketing,1,317,2,Female,50,2,2,Sales Executive,3,Divorced,4082,22130,8,Y,No,13,3,2,80,0,12,2,2,6,1,0,3
51,No,Travel_Rarely,916,Research & Development,25,4,Medical,1,568,4,Male,43,2,2,Sales Executive,2,Divorced,1859,15643,4,Y,No,14,3,4,80,0,7,3,3,4,1,15,3
60,No,Travel_Rarely,680,Research & Development,6,2,Medical,1,2000,4,Male,95,3,1,Manufacturing Director,3,Divorced,2628,7177,1,Y,No,12,3,3,80,0,15,2,2,1,2,1,6
29,No,Travel_Frequently,153,Research & Development,1,3,Life Sciences,1,555,2,Male,87,3,2,Manager,4,Divorced,4242,17917,3,Y,Yes,12,3,3,80,1,24,3,3,10,5,2,9
43,No,Travel_Rarely,822,Sales,5,3,Technical Degree,1,392,3,Female,75,3,4,Laboratory Technician,1,Married,4912,24695,1,Y,No,13,3,2,80,0,8,3,3,2,6,0,0
29,No,Travel_Frequently,988,Sales,3,4,Medical,1,1650,1,Male,72,2,1,Sales Executive,2,Married,3698,25379,4,Y,No,22,3,2,80,1,11,4,3,1,7,1,9
27,Yes,Travel_Rarely,1168,Research & Development,23,3,Medical,1,674,1,Male,67,3,2,Sales Executive,1,Married,5202,24701,0,Y,Yes,18,3,1,80,1,28,2,3,4,1,0,9
34,No,Travel_Frequently,334,Sales,4,4,Life Sciences,1,966,4,Male,30,2,1,Laboratory Technician,4,Divorced,3751,15359,7,Y,No,20,3,2,80,3,20,1,3,8,6,0,3
22,No,Travel_Rarely,293,Human Resources,7,4,Medical,1,1517,2,Male,35,3,1,Healthcare Representative,4,Married,4685,25844,1,Y,No,13,3,1,80,2,0,2,3,4,2,1,0
33,Yes,Travel_Rarely,971,Research & Development,9,1,Life Sciences,1,1661,2,Male,95,1,3,Sales Executive,1,Divorced,2260,9116,9,Y,Yes,18,3,3,80,0,12,2,1,22,4,2,8
27,No,Travel_Rarely,1112,Research & Development,4,2,Life Sciences,1,1128,3,Male,56,3,3,Sales Executive,1,Married,4183,5985,0,Y,No,18,3,4,80,3,20,3,3,2,10,7,2
37,No,Travel_Rarely,1143,Sales,7,5,Life Sciences,1,1951,3,Male,50,3,2,Research Scientist,2,Single,4599,10042,4,Y,No,11,3,3,80,1,11,2,3,4,3,6,4
39,No,Travel_Rarely,495,Human Resources,1,3,Marketing,1,700,3,Female,44,2,2,Manufacturing Director,2,Single,12111,14943,6,Y,No,12,3,4,80,0,13,4,3,5,2,0,3
31,Yes,Travel_Frequently,688,Research & Development,8,2,Medical,1,367,2,Male,58,4,2,Sales Executive,4,Single,2649,19707,0,Y,Yes,14,3,4,80,0,1,3,3,10,9,0,7
42,No,Travel_Rarely,1243,Research & Development,17,2,Medical,1,1990,4,Male,38,3,2,Human Resources,2,Married,18176,25542,1,Y,No,13,3,4,80,0,36,6,3,18,2,4,2
39,No,Travel_Rarely,435,Research & Development,13,4,Marketing,1,622,4,Female,85,3,1,Sales Representative,4,Single,2550,21428,2,Y,No,11,3,3,80,0,15,2,3,14,4,2,3
35,No,Travel_Rarely,139,Research & Development,21,4,Life Sciences,1,1710,4,Male,55,1,1,Research Scientist,1,Single,3941,4098,6,Y,No,13,3,4,80,0,12,6,3,3,2,1,1
39,No,Travel_Rarely,173,Research & Development,16,3,Life Sciences,1,1352,4,Male,100,4,1,Laboratory Technician,2,Married,6336,21343,6,Y,No,12,3,4,80,1,5,2,3,19,9,0,3
35,No,Travel_Rarely,1201,Research & Development,2,1,Life Sciences,1,1,1,Female,35,2,3,Sales Executive,4,Divorced,19982,6987,9,Y,No,17,3,2,80,1,1,3,3,0,7,9,2
40,No,Travel_Rarely,1127,Research & Development,3,3,Life Sciences,1,430,4,Male,56,2,2,Sales Executive,3,Divorced,1138,23230,1,Y,No,11,4,3,80,2,12,6,4,13,7,0,2
25,Yes,Travel_Rarely,687,Research & Development,1,4,Life Sciences,1,781,4,Male,56,3,2,Sales Executive,3,Divorced,5686,16533,2,Y,Yes,12,3,4,80,0,10,3,1,0,7,4,5
49,No,Travel_Rarely,502,Sales,10,4,Technical Degree,1,2068,1,Female,30,3,3,Manufacturing Director,1,Married,4119,20166,5,Y,No,16,3,2,80,2,22,6,3,3,10,0,0
30,No,Travel_Frequently,632,Research & Development,1,4,Life Sciences,1,2068,2,Male,94,3,5,Sales Executive,3,Divorced,8158,16395,0,Y,Yes,19,3,3,80,1,15,2,4,3,2,1,0
33,No,Travel_Frequently,736,Sales,2,3,Medical,1,1823,2,Male,46,3,5,Human Resources,4,Married,18368,9903,1,Y,No,11,4,4,80,2,3,2,2,2,0,1,9
41,No,Travel_Rarely,202,Sales,1,1,Life Sciences,1,142,4,Female,62,4,2,Manager,4,Married,3611,7272,7,Y,Yes,13,3,2,80,1,23,2,2,5,9,4,1
41,No,Travel_Rarely,102,Research & Development,16,4,Life Sciences,1,1277,3,Male,87,4,2,Sales Executive,4,Divorced,2307,24972,6,Y,No,11,3,3,80,1,5,0,1,6,11,0,0
37,No,Travel_Rarely,747,Research & Development,17,2,Life Sciences,1,1411,4,Male,70,3,3,Laboratory Technician,2,Married,3704,16707,3,Y,No,11,3,3,80,3,22,2,4,6,7,11,3
29,No,Travel_Rarely,1499,Sales,1,3,Life Sciences,1,289,3,Male,46,3,1,Manufacturing Director,1,Single,3666,19290,2,Y,No,16,3,3,80,2,5,3,3,8,4,6,12
60,No,Travel_Rarely,1415,Research & Development,4,1,Life Sciences,1,1190,1,Female,59,3,1,Research Director,4,Single,3191,20229,1,Y,No,12,3,2,80,0,3,1,4,3,0,1,2
26,No,Travel_Rarely,788,Research & Development,9,2,Medical,1,961,4,Female,71,3,1,Healthcare Representative,4,Married,4523,5181,6,Y,No,13,4,4,80,0,7,4,3,2,2,0,1
35,No,Non-Travel,272,Research & Development,22,1,Life Sciences,1,1378,4,Male,70,3,3,Research Scientist,3,Married,1238,5119,1,Y,No,19,3,3,80,0,4,3,3,26,2,0,9
42,No,Travel_Rarely,1295,Sales,20,3,Technical Degree,1,1039,4,Female,50,2,2,Research Director,4,Married,10085,13362,6,Y,No,12,3,1,80,1,2,3,2,24,0,1,0
44,No,Travel_Rarely,1255,Research & Development,23,4,Medical,1,945,3,Female,93,3,3,Research Scientist,1,Divorced,5279,7087,0,Y,No,11,3,3,80,3,13,2,3,10,7,0,0
37,No,Travel_Rarely,1068,Research & Development,2,3,Other,1,1118,3,Female,31,3,2,Sales Executive,4,Single,8092,17406,2,Y,No,22,3,2,80,1,2,2,4,3,2,15,3
24,No,Travel_Rarely,1266,Sales,29,4,Technical Degree,1,2,2,Male,47,3,2,Research Director,3,Single,7724,23895,1,Y,No,16,3,1,80,1,4,2,3,0,0,0,2
18,No,Travel_Frequently,490,Research & Development,3,3,Medical,1,929,4,Female,84,3,1,Sales Executive,3,Divorced,12908,12441,1,Y,No,15,3,1,80,0,9,2,3,0,8,5,3
38,No,Travel_Rarely,102,Research & Development,20,4,Marketing,1,1917,4,Male,82,3,1,Laboratory Technician,1,Single,4044,14188,1,Y,No,19,3,3,80,0,24,2,3,38,7,0,11
34,No,Travel_Rarely,513,Research & Development,13,2,Life Sciences,1,1285,4,Female,33,3,1,Manufacturing Director,3,Divorced,8670,2500,0,Y,No,11,3,4,80,2,10,2,3,5,1,4,3
29,No,Travel_Rarely,420,Research & Development,2,3,Medical,1,966,4,Male,35,3,2,Manufacturing Director,3,Married,9624,15762,4,Y,No,14,3,4,80,1,10,5,3,11,7,1,8
50,No,Travel_Rarely,1144,Sales,12,3,Life Sciences,1,377,4,Male,77,3,2,Sales Executive,4,Married,3252,5391,2,Y,No,18,3,1,80,1,18,5,3,3,3,3,2
19,No,Travel_Rarely,636,Sales,19,2,Life Sciences,1,279,1,Female,77,3,1,Sales Executive,3,Single,1282,9543,1,Y,No,12,3,2,80,1,7,2,3,5,3,7,2
49,Yes,Non-Travel,1421,Sales,3,2,Medical,1,996,1,Male,73,3,1,Sales Executive,3,Single,4005,19783,8,Y,Yes,13,3,3,80,0,16,3,2,4,7,1,2
38,No,Travel_Rarely,471,Research & Development,7,2,Other,1,1204,1,Male,89,3,1,Laboratory Technician,2,Single,8586,9184,2,Y,No,11,3,4,80,0,6,2,3,16,4,0,1
54,No,Non-Travel,560,Research & Development,28,3,Other,1,512,4,Female,97,3,2,Healthcare Representative,2,Single,9690,20415,0,Y,No,13,3,3,80,0,22,4,3,6,7,2,7
40,No,Travel_Frequently,734,Research & Development,6,2,Medical,1,1691,2,Male,97,3,3,Sales Executive,4,Single,4564,4379,1,Y,No,13,3,1,80,0,5,3,3,4,2,0,7
46,No,Non-Travel,1053,Research & Development,3,3,Technical Degree,1,647,1,Female,93,3,3,Sales Executive,3,Married,19999,4006,0,Y,No,16,3,1,80,1,5,4,2,7,7,5,0
27,Yes,Non-Travel,626,Research & Development,10,4,Life Sciences,1,516,4,Male,64,2,1,Sales Representative,2,Married,1009,2094,1,Y,Yes,12,3,3,80,0,2,2,3,6,8,3,1
30,Yes,Travel_Rarely,351,Sales,9,2,Medical,1,790,3,Female,100,2,1,Research Scientist,3,Married,4724,2999,2,Y,Yes,25,3,3,80,0,3,2,3,2,4,0,10
41,No,Travel_Rarely,644,Sales,25,4,Technical Degree,1,1725,3,Male,30,3,1,Manager,3,Single,1209,5361,3,Y,No,19,3,4,80,0,5,2,2,3,7,9,0
28,Yes,Travel_Rarely,253,Research & Development,22,3,Life Sciences,1,1375,1,Male,48,3,1,Research Director,2,Married,3072,24573,1,Y,Yes,20,3,1,80,1,8,4,3,0,4,3,8
60,Yes,Travel_Frequently,1023,Research & Development,1,4,Life Sciences,1,1658,2,Female,100,2,1,Healthcare Representative,1,Married,1185,2733,3,Y,Yes,14,3,3,80,1,21,5,2,7,2,0,0
30,No,Travel_Rarely,654,Sales,3,3,Medical,1,1746,3,Male,60,3,1,Laboratory Technician,1,Divorced,2698,21482,8,Y,No,11,3,4,80,1,18,2,2,3,8,11,3
26,No,Travel_Rarely,322,Sales,12,4,Life Sciences,1,870,1,Female,93,3,1,Laboratory Technician,4,Single,7432,25735,2,Y,No,15,3,4,80,0,0,2,2,13,2,2,0
53,No,Non-Travel,252,Research & Development,8,1,Life Sciences,1,1121,3,Male,98,4,1,Sales Executive,3,Married,2728,13805,0,Y,Yes,14,3,2,80,2,7,2,3,2,16,3,3
31,No,Travel_Rarely,1193,Human Resources,2,1,Human Resources,1,274,4,Male,43,2,1,Laboratory Technician,3,Married,7587,5672,5,Y,No,11,3,4,80,1,7,5,2,5,1,1,4
49,No,Travel_Rarely,726,Research & Development,19,5,Medical,1,1081,2,Male,40,4,1,Sales Representative,1,Single,3603,4651,1,Y,No,13,3,1,80,0,12,2,2,9,5,0,1
47,No,Travel_Rarely,1001,Research & Development,1,1,Life Sciences,1,1388,2,Female,75,4,1,Laboratory Technician,4,Single,2355,21070,7,Y,No,14,3,1,80,1,15,2,3,7,7,3,3
40,No,Travel_Rarely,1250,Research & Development,27,3,Medical,1,1635,1,Male,37,2,3,Manufacturing Director,2,Divorced,16228,16283,2,Y,Yes,11,4,2,80,0,35,3,3,9,2,3,6
36,No,Travel_Rarely,791,Research & Development,1,3,Marketing,1,1692,3,Male,82,3,4,Sales Representative,3,Divorced,1666,12920,5,Y,No,12,3,3,80,2,7,2,3,3,7,7,2
37,No,Travel_Rarely,991,Research & Development,17,2,Life Sciences,1,1763,2,Male,40,2,4,Research Scientist,2,Married,11047,16358,1,Y,No,19,3,4,80,0,9,5,3,2,0,4,2
36,No,Non-Travel,1295,Research & Development,5,2,Medical,1,630,4,Male,46,3,3,Manufacturing Director,4,Single,1785,5423,1,Y,No,13,4,3,80,1,9,3,3,6,9,1,5
18,No,Travel_Rarely,192,Sales,5,4,Technical Degree,1,1458,4,Male,62,2,1,Sales Executive,4,Divorced,5728,3758,1,Y,No,18,3,3,80,0,13,2,3,1,6,1,3
22,Yes,Travel_Rarely,1339,Research & Development,10,3,Medical,1,1855,3,Male,43,3,1,Research Director,4,Married,2504,21646,3,Y,Yes,23,3,3,80,0,15,2,2,10,7,15,0
